GEO_ID,NAME,GEOID,Total_pop,tWhite,tBl_AfAm,tAmIn_AlNa,tAsian,tNaHa_PaIs,tOther,tMultiple,pWhite,pBl_AfAm,pAmIn_AlNa,pAsian,pNaHa_PaIs,pOther,pMultiple
1400000US27053000101,"Census Tract 1.01, Hennepin County, Minnesota",27053000101,3351,1147,987,32,636,3,212,334,34.22858848,29.45389436,0.954938824,18.97940913,0.089525515,6.326469711,9.967173978
1400000US27053000102,"Census Tract 1.02, Hennepin County, Minnesota",27053000102,5178,1883,1658,81,659,0,284,613,36.36539204,32.02008497,1.564310545,12.72692159,0,5.484743144,11.8385477
1400000US27053000300,"Census Tract 3, Hennepin County, Minnesota",27053000300,3264,2140,540,42,85,2,102,353,65.56372549,16.54411765,1.286764706,2.604166667,0.06127451,3.125,10.81495098
1400000US27053000601,"Census Tract 6.01, Hennepin County, Minnesota",27053000601,4760,3579,324,54,96,2,270,435,75.18907563,6.806722689,1.134453782,2.016806723,0.042016807,5.672268908,9.138655462
1400000US27053000603,"Census Tract 6.03, Hennepin County, Minnesota",27053000603,2955,2392,103,31,97,0,99,233,80.94754653,3.485617597,1.049069374,3.282571912,0,3.350253807,7.884940778
1400000US27053001100,"Census Tract 11, Hennepin County, Minnesota",27053001100,2219,1537,223,24,50,2,181,202,69.26543488,10.04957188,1.081568274,2.253267237,0.090130689,8.1568274,9.103199639
1400000US27053001700,"Census Tract 17, Hennepin County, Minnesota",27053001700,2482,1302,696,21,48,0,210,205,52.45769541,28.04190169,0.846091861,1.933924255,0,8.460918614,8.259468171
1400000US27053002200,"Census Tract 22, Hennepin County, Minnesota",27053002200,1695,230,856,47,271,0,171,120,13.56932153,50.50147493,2.772861357,15.98820059,0,10.08849558,7.079646018
1400000US27053002400,"Census Tract 24, Hennepin County, Minnesota",27053002400,2746,1985,423,28,46,0,104,160,72.28696286,15.40422433,1.019664967,1.675163875,0,3.787327021,5.826656956
1400000US27053002700,"Census Tract 27, Hennepin County, Minnesota",27053002700,2816,537,1459,52,305,2,185,276,19.06960227,51.81107955,1.846590909,10.83096591,0.071022727,6.569602273,9.801136364
1400000US27053003200,"Census Tract 32, Hennepin County, Minnesota",27053003200,1844,535,883,28,123,0,82,193,29.01301518,47.88503254,1.518438178,6.670281996,0,4.446854664,10.46637744
1400000US27053003300,"Census Tract 33, Hennepin County, Minnesota",27053003300,2633,231,1616,54,333,1,210,188,8.773262438,61.37485758,2.050892518,12.64717053,0.037979491,7.975693126,7.140144322
1400000US27053003801,"Census Tract 38.01, Hennepin County, Minnesota",27053003801,3085,2068,322,31,295,2,106,261,67.03403566,10.4376013,1.004862237,9.562398703,0.064829822,3.435980551,8.460291734
1400000US27053003802,"Census Tract 38.02, Hennepin County, Minnesota",27053003802,3462,2693,166,11,366,6,56,164,77.78740612,4.794916233,0.317735413,10.57192374,0.173310225,1.617562103,4.737146158
1400000US27053005901,"Census Tract 59.01, Hennepin County, Minnesota",27053005901,3069,1197,1388,75,95,7,99,208,39.00293255,45.22645813,2.443792766,3.095470837,0.228087325,3.225806452,6.777451939
1400000US27053005902,"Census Tract 59.02, Hennepin County, Minnesota",27053005902,3619,775,1929,203,59,4,376,273,21.41475546,53.30201713,5.609284333,1.630284609,0.11052777,10.38961039,7.543520309
1400000US27053006800,"Census Tract 68, Hennepin County, Minnesota",27053006800,4211,2555,852,71,146,1,244,342,60.67442413,20.23272382,1.686060318,3.46710995,0.023747328,5.794348136,8.121586322
1400000US27053007700,"Census Tract 77, Hennepin County, Minnesota",27053007700,5710,3439,1220,68,294,9,295,385,60.22767075,21.36602452,1.19089317,5.148861646,0.157618214,5.166374781,6.742556918
1400000US27053007801,"Census Tract 78.01, Hennepin County, Minnesota",27053007801,1972,612,755,79,80,3,324,119,31.03448276,38.28600406,4.006085193,4.056795132,0.152129817,16.43002028,6.034482759
1400000US27053008100,"Census Tract 81, Hennepin County, Minnesota",27053008100,3497,2868,154,13,112,2,93,255,82.01315413,4.403774664,0.371747212,3.20274521,0.057191879,2.659422362,7.291964541
1400000US27053008200,"Census Tract 82, Hennepin County, Minnesota",27053008200,4277,1933,1347,62,65,1,550,319,45.1952303,31.49403788,1.449614216,1.519756839,0.023380874,12.85948094,7.458498948
1400000US27053008300,"Census Tract 83, Hennepin County, Minnesota",27053008300,2106,673,471,75,85,3,598,201,31.95631529,22.36467236,3.561253561,4.036087369,0.142450142,28.39506173,9.544159544
1400000US27053008400,"Census Tract 84, Hennepin County, Minnesota",27053008400,2896,901,721,80,61,3,734,396,31.11187845,24.89640884,2.762430939,2.106353591,0.10359116,25.34530387,13.67403315
1400000US27053008500,"Census Tract 85, Hennepin County, Minnesota",27053008500,4069,1755,553,182,92,1,951,535,43.13099042,13.59056279,4.47284345,2.260997788,0.024576063,23.37183583,13.14819366
1400000US27053009500,"Census Tract 95, Hennepin County, Minnesota",27053009500,2865,1238,546,85,97,1,557,341,43.21116928,19.05759162,2.966841187,3.385689354,0.034904014,19.44153578,11.90226876
1400000US27053009600,"Census Tract 96, Hennepin County, Minnesota",27053009600,3321,2149,450,78,76,5,221,342,64.70942487,13.5501355,2.348690154,2.288467329,0.150557061,6.654622102,10.29810298
1400000US27053010600,"Census Tract 106, Hennepin County, Minnesota",27053010600,2844,2517,27,2,82,0,17,199,88.5021097,0.949367089,0.070323488,2.88326301,0,0.597749648,6.99718706
1400000US27053010700,"Census Tract 107, Hennepin County, Minnesota",27053010700,2491,2185,25,1,68,1,21,190,87.7157768,1.003613007,0.04014452,2.729827379,0.04014452,0.843034926,7.627458852
1400000US27053011000,"Census Tract 110, Hennepin County, Minnesota",27053011000,3539,2764,253,31,78,1,113,299,78.10115852,7.148912122,0.875953659,2.204012433,0.02825657,3.192992371,8.448714326
1400000US27053011703,"Census Tract 117.03, Hennepin County, Minnesota",27053011703,4274,3717,84,26,104,4,64,275,86.96771175,1.965372017,0.608329434,2.433317735,0.093589144,1.497426299,6.434253627
1400000US27053011704,"Census Tract 117.04, Hennepin County, Minnesota",27053011704,3379,2707,176,10,70,0,114,302,80.11245931,5.20864161,0.295945546,2.071618822,0,3.373779225,8.93755549
1400000US27053011800,"Census Tract 118, Hennepin County, Minnesota",27053011800,4721,3980,156,48,117,2,92,326,84.30417284,3.304384664,1.016733743,2.478288498,0.042363906,1.948739674,6.90531667
1400000US27053011998,"Census Tract 119.98, Hennepin County, Minnesota",27053011998,4292,3417,302,42,89,0,105,337,79.61323392,7.036346692,0.978564772,2.073625349,0,2.446411929,7.851817335
1400000US27053012001,"Census Tract 120.01, Hennepin County, Minnesota",27053012001,6331,5203,316,20,196,0,134,462,82.18290949,4.991312589,0.31590586,3.095877429,0,2.116569262,7.297425367
1400000US27053012003,"Census Tract 120.03, Hennepin County, Minnesota",27053012003,5290,3005,1067,71,152,2,489,504,56.80529301,20.17013233,1.342155009,2.873345936,0.037807183,9.243856333,9.527410208
1400000US27053012101,"Census Tract 121.01, Hennepin County, Minnesota",27053012101,3004,1570,597,82,73,1,372,309,52.26364847,19.873502,2.729693742,2.430093209,0.033288948,12.38348868,10.28628495
1400000US27053012102,"Census Tract 121.02, Hennepin County, Minnesota",27053012102,2935,2114,226,43,71,0,173,308,72.02725724,7.700170358,1.465076661,2.419080068,0,5.894378194,10.49403748
1400000US27053020101,"Census Tract 201.01, Hennepin County, Minnesota",27053020101,3386,2848,89,14,169,0,41,225,84.11104548,2.628470171,0.413467218,4.991139988,0,1.210868281,6.64500886
1400000US27053020102,"Census Tract 201.02, Hennepin County, Minnesota",27053020102,2226,1892,89,4,86,0,37,118,84.99550764,3.998203055,0.179694519,3.863432165,0,1.662174304,5.30098832
1400000US27053020201,"Census Tract 202.01, Hennepin County, Minnesota",27053020201,2996,803,1285,39,484,5,186,194,26.8024032,42.89052069,1.301735648,16.15487316,0.166889186,6.208277704,6.475300401
1400000US27053020202,"Census Tract 202.02, Hennepin County, Minnesota",27053020202,5278,1489,1978,86,752,0,523,450,28.21144373,37.47631679,1.629405078,14.24782114,0,9.909056461,8.525956802
1400000US27053020301,"Census Tract 203.01, Hennepin County, Minnesota",27053020301,2973,1130,716,39,641,0,219,228,38.00874538,24.08341742,1.311806256,21.56071308,0,7.36629667,7.669021191
1400000US27053020302,"Census Tract 203.02, Hennepin County, Minnesota",27053020302,2670,852,976,13,444,0,129,256,31.91011236,36.55430712,0.486891386,16.62921348,0,4.831460674,9.588014981
1400000US27053020303,"Census Tract 203.03, Hennepin County, Minnesota",27053020303,4361,1531,730,54,1334,0,412,300,35.10662692,16.73927998,1.238248108,30.58931438,0,9.447374455,6.879156157
1400000US27053020304,"Census Tract 203.04, Hennepin County, Minnesota",27053020304,3841,1060,1034,43,866,0,463,375,27.59697995,26.9200729,1.11950013,22.54621192,0,12.05415256,9.763082531
1400000US27053020400,"Census Tract 204, Hennepin County, Minnesota",27053020400,5169,2103,1459,73,767,1,313,453,40.684852,28.22596247,1.412265429,14.83846005,0.019346102,6.055329851,8.763784098
1400000US27053020500,"Census Tract 205, Hennepin County, Minnesota",27053020500,4090,1631,853,74,661,1,334,536,39.87775061,20.85574572,1.809290954,16.16136919,0.024449878,8.166259169,13.10513447
1400000US27053020600,"Census Tract 206, Hennepin County, Minnesota",27053020600,2404,1029,418,37,476,0,195,249,42.80366057,17.38768719,1.539101498,19.80033278,0,8.111480865,10.3577371
1400000US27053020700,"Census Tract 207, Hennepin County, Minnesota",27053020700,4342,2724,721,35,292,2,208,360,62.73606633,16.60525104,0.806080147,6.725011515,0.046061723,4.790419162,8.291110088
1400000US27053020801,"Census Tract 208.01, Hennepin County, Minnesota",27053020801,2167,1405,263,5,115,0,152,227,64.83617905,12.13659437,0.230733733,5.306875865,0,7.014305491,10.47531149
1400000US27053020804,"Census Tract 208.04, Hennepin County, Minnesota",27053020804,3037,1876,501,25,84,1,286,264,61.77148502,16.49654264,0.82318077,2.765887389,0.032927231,9.417188014,8.692788936
1400000US27053020902,"Census Tract 209.02, Hennepin County, Minnesota",27053020902,2314,1719,179,13,110,0,75,218,74.28694901,7.735522904,0.561797753,4.753673293,0,3.241140882,9.420916162
1400000US27053020903,"Census Tract 209.03, Hennepin County, Minnesota",27053020903,3263,2388,283,23,118,0,126,325,73.18418633,8.673000306,0.704872816,3.616304015,0,3.861477168,9.960159363
1400000US27053021001,"Census Tract 210.01, Hennepin County, Minnesota",27053021001,5835,4090,825,54,263,0,165,438,70.09425878,14.13881748,0.925449871,4.507283633,0,2.827763496,7.506426735
1400000US27053021002,"Census Tract 210.02, Hennepin County, Minnesota",27053021002,2104,1393,397,9,49,4,89,163,66.20722433,18.86882129,0.427756654,2.328897338,0.190114068,4.230038023,7.747148289
1400000US27053021100,"Census Tract 211, Hennepin County, Minnesota",27053021100,1957,1361,283,24,64,1,58,166,69.54522228,14.46090956,1.226366888,3.270311702,0.05109862,2.96371998,8.482370976
1400000US27053021200,"Census Tract 212, Hennepin County, Minnesota",27053021200,4532,3478,412,28,122,0,135,357,76.74315975,9.090909091,0.617828773,2.691968226,0,2.978817299,7.877316858
1400000US27053021300,"Census Tract 213, Hennepin County, Minnesota",27053021300,4853,2997,1078,46,156,0,141,435,61.75561508,22.21306408,0.947867299,3.214506491,0,2.905419328,8.963527715
1400000US27053021400,"Census Tract 214, Hennepin County, Minnesota",27053021400,3304,2193,487,40,110,2,132,340,66.37409201,14.73970944,1.210653753,3.329297821,0.060532688,3.995157385,10.2905569
1400000US27053021501,"Census Tract 215.01, Hennepin County, Minnesota",27053021501,4550,2815,1077,31,170,0,150,307,61.86813187,23.67032967,0.681318681,3.736263736,0,3.296703297,6.747252747
1400000US27053021502,"Census Tract 215.02, Hennepin County, Minnesota",27053021502,3965,1698,1621,22,172,0,213,239,42.82471627,40.88272383,0.554854981,4.337957125,0,5.372005044,6.027742749
1400000US27053021503,"Census Tract 215.03, Hennepin County, Minnesota",27053021503,5203,3254,978,28,243,1,285,414,62.54084182,18.79684797,0.538151067,4.670382472,0.019219681,5.477609072,7.956947915
1400000US27053021504,"Census Tract 215.04, Hennepin County, Minnesota",27053021504,3717,2624,501,27,145,2,151,267,70.59456551,13.47861178,0.726392252,3.900995426,0.053806833,4.062415927,7.183212268
1400000US27053021505,"Census Tract 215.05, Hennepin County, Minnesota",27053021505,4819,3207,769,29,231,5,144,434,66.54907657,15.95766757,0.601784603,4.793525628,0.103755966,2.98817182,9.006017846
1400000US27053021601,"Census Tract 216.01, Hennepin County, Minnesota",27053021601,4573,3627,356,14,184,0,92,300,79.31336103,7.784823967,0.306144763,4.023616882,0,2.011808441,6.560244916
1400000US27053021602,"Census Tract 216.02, Hennepin County, Minnesota",27053021602,5984,4616,663,33,188,0,95,389,77.13903743,11.07954545,0.551470588,3.14171123,0,1.587566845,6.500668449
1400000US27053021700,"Census Tract 217, Hennepin County, Minnesota",27053021700,5160,4203,255,13,231,0,79,379,81.45348837,4.941860465,0.251937984,4.476744186,0,1.531007752,7.34496124
1400000US27053021800,"Census Tract 218, Hennepin County, Minnesota",27053021800,2351,1975,69,11,87,0,25,184,84.00680561,2.93492131,0.467886006,3.700552956,0,1.063377286,7.826456827
1400000US27053021900,"Census Tract 219, Hennepin County, Minnesota",27053021900,4484,3766,186,11,163,0,59,299,83.98751115,4.14808207,0.245316682,3.63514719,0,1.315789474,6.668153434
1400000US27053022000,"Census Tract 220, Hennepin County, Minnesota",27053022000,2119,1742,82,11,123,1,53,107,82.20858896,3.869749882,0.519112789,5.804624823,0.047192072,2.501179802,5.049551675
1400000US27053022101,"Census Tract 221.01, Hennepin County, Minnesota",27053022101,2990,2096,250,22,302,8,94,218,70.10033445,8.361204013,0.735785953,10.10033445,0.267558528,3.143812709,7.2909699
1400000US27053022102,"Census Tract 221.02, Hennepin County, Minnesota",27053022102,2647,1959,238,20,120,7,105,198,74.0083113,8.991310918,0.755572346,4.533434076,0.264450321,3.966754817,7.480166226
1400000US27053022200,"Census Tract 222, Hennepin County, Minnesota",27053022200,4888,3937,297,14,252,7,78,303,80.54418985,6.076104746,0.286415712,5.155482815,0.143207856,1.595744681,6.198854337
1400000US27053022301,"Census Tract 223.01, Hennepin County, Minnesota",27053022301,2506,2118,126,13,68,0,30,151,84.51715882,5.027932961,0.518754988,2.71348763,0,1.197126895,6.025538707
1400000US27053022302,"Census Tract 223.02, Hennepin County, Minnesota",27053022302,3315,1919,746,34,156,4,177,279,57.88838612,22.50377074,1.025641026,4.705882353,0.12066365,5.339366516,8.416289593
1400000US27053022400,"Census Tract 224, Hennepin County, Minnesota",27053022400,3863,2850,422,64,112,2,162,251,73.77685736,10.92415221,1.656743464,2.899301061,0.051773233,4.193631892,6.497540771
1400000US27053022700,"Census Tract 227, Hennepin County, Minnesota",27053022700,3632,2769,351,23,130,4,111,244,76.23898678,9.664096916,0.633259912,3.579295154,0.110132159,3.056167401,6.718061674
1400000US27053022801,"Census Tract 228.01, Hennepin County, Minnesota",27053022801,2235,2051,6,5,52,0,15,106,91.76733781,0.268456376,0.223713647,2.326621924,0,0.67114094,4.742729306
1400000US27053022802,"Census Tract 228.02, Hennepin County, Minnesota",27053022802,3703,2953,279,16,129,1,97,228,79.74615177,7.534431542,0.432082096,3.483661896,0.027005131,2.619497705,6.157169862
1400000US27053022901,"Census Tract 229.01, Hennepin County, Minnesota",27053022901,5635,4646,325,33,267,0,81,283,82.44897959,5.767524401,0.585625555,4.738243123,0,1.437444543,5.022182786
1400000US27053022902,"Census Tract 229.02, Hennepin County, Minnesota",27053022902,1837,1669,20,1,18,0,8,121,90.85465433,1.088731628,0.054436581,0.979858465,0,0.435492651,6.586826347
1400000US27053023000,"Census Tract 230, Hennepin County, Minnesota",27053023000,4609,3774,254,26,175,1,95,284,81.88327186,5.510956824,0.564113691,3.796919071,0.02169668,2.061184639,6.161857236
1400000US27053023100,"Census Tract 231, Hennepin County, Minnesota",27053023100,1943,1695,11,3,64,1,16,153,87.23623263,0.566134843,0.154400412,3.29387545,0.051466804,0.823468863,7.874420998
1400000US27053023201,"Census Tract 232.01, Hennepin County, Minnesota",27053023201,2357,1691,281,8,155,0,63,159,71.74374204,11.92193466,0.33941451,6.576156131,0,2.672889266,6.745863386
1400000US27053023202,"Census Tract 232.02, Hennepin County, Minnesota",27053023202,3926,1874,1098,21,488,14,148,283,47.73306164,27.96739684,0.534895568,12.42995415,0.356597045,3.769740194,7.208354559
1400000US27053023300,"Census Tract 233, Hennepin County, Minnesota",27053023300,6362,4543,814,35,222,0,243,505,71.40836215,12.79471864,0.550141465,3.489468721,0,3.819553599,7.937755423
1400000US27053023401,"Census Tract 234.01, Hennepin County, Minnesota",27053023401,4521,2907,736,33,209,0,288,348,64.29993364,16.27958416,0.729927007,4.622871046,0,6.370272064,7.697412077
1400000US27053023402,"Census Tract 234.02, Hennepin County, Minnesota",27053023402,1913,1065,612,8,44,0,58,126,55.67171981,31.99163617,0.418191323,2.300052274,0,3.031887088,6.58651333
1400000US27053023501,"Census Tract 235.01, Hennepin County, Minnesota",27053023501,3864,3106,135,13,279,0,53,278,80.38302277,3.49378882,0.336438923,7.220496894,0,1.371635611,7.194616977
1400000US27053023502,"Census Tract 235.02, Hennepin County, Minnesota",27053023502,6434,5411,142,14,368,4,83,412,84.10009325,2.207025179,0.217594032,5.719614548,0.062169723,1.290021759,6.403481505
1400000US27053023600,"Census Tract 236, Hennepin County, Minnesota",27053023600,3900,3515,19,7,103,0,43,213,90.12820513,0.487179487,0.179487179,2.641025641,0,1.102564103,5.461538462
1400000US27053023700,"Census Tract 237, Hennepin County, Minnesota",27053023700,5366,4693,48,9,295,1,34,286,87.45806933,0.894521059,0.167722698,5.497577339,0.018635855,0.633619083,5.32985464
1400000US27053023801,"Census Tract 238.01, Hennepin County, Minnesota",27053023801,5439,4600,134,17,239,0,71,378,84.57437029,2.463688178,0.312557455,4.394190108,0,1.30538702,6.94980695
1400000US27053023802,"Census Tract 238.02, Hennepin County, Minnesota",27053023802,3064,2511,95,9,158,0,45,246,81.95169713,3.100522193,0.293733681,5.156657963,0,1.468668407,8.028720627
1400000US27053023901,"Census Tract 239.01, Hennepin County, Minnesota",27053023901,3715,3079,69,7,283,0,54,223,82.88021534,1.857335128,0.188425303,7.617765814,0,1.453566622,6.00269179
1400000US27053023902,"Census Tract 239.02, Hennepin County, Minnesota",27053023902,2071,1597,57,2,263,0,1,151,77.11250604,2.752293578,0.096571704,12.69917914,0,0.048285852,7.291163689
1400000US27053023903,"Census Tract 239.03, Hennepin County, Minnesota",27053023903,3513,2625,177,1,487,2,50,171,74.72245944,5.038428693,0.028465699,13.86279533,0.056931398,1.423284942,4.8676345
1400000US27053024003,"Census Tract 240.03, Hennepin County, Minnesota",27053024003,4886,2844,303,9,1201,0,264,265,58.20712239,6.201391731,0.184199754,24.58043389,0,5.403192796,5.423659435
1400000US27053024004,"Census Tract 240.04, Hennepin County, Minnesota",27053024004,4473,3150,437,18,629,0,56,183,70.42253521,9.769729488,0.402414487,14.06215068,0,1.251956182,4.09121395
1400000US27053024005,"Census Tract 240.05, Hennepin County, Minnesota",27053024005,2748,1968,252,19,303,0,53,153,71.61572052,9.170305677,0.691411936,11.02620087,0,1.9286754,5.56768559
1400000US27053024006,"Census Tract 240.06, Hennepin County, Minnesota",27053024006,2078,1780,32,2,154,0,8,102,85.65928778,1.539942252,0.096246391,7.410972089,0,0.384985563,4.908565929
1400000US27053024100,"Census Tract 241, Hennepin County, Minnesota",27053024100,3432,2423,277,26,167,2,244,293,70.6002331,8.071095571,0.757575758,4.865967366,0.058275058,7.10955711,8.537296037
1400000US27053024200,"Census Tract 242, Hennepin County, Minnesota",27053024200,3190,2553,127,20,118,0,127,245,80.03134796,3.981191223,0.626959248,3.699059561,0,3.981191223,7.680250784
1400000US27053024300,"Census Tract 243, Hennepin County, Minnesota",27053024300,4510,2679,330,63,765,3,308,362,59.40133038,7.317073171,1.396895787,16.96230599,0.066518847,6.829268293,8.026607539
1400000US27053024400,"Census Tract 244, Hennepin County, Minnesota",27053024400,4335,2952,542,54,162,1,329,295,68.09688581,12.50288351,1.24567474,3.737024221,0.023068051,7.589388697,6.805074971
1400000US27053024500,"Census Tract 245, Hennepin County, Minnesota",27053024500,2328,1713,94,10,116,1,229,165,73.58247423,4.037800687,0.429553265,4.982817869,0.042955326,9.836769759,7.087628866
1400000US27053024600,"Census Tract 246, Hennepin County, Minnesota",27053024600,4069,2617,520,32,236,9,340,315,64.31555665,12.77955272,0.786434013,5.799950848,0.221184566,8.355861391,7.741459818
1400000US27053024700,"Census Tract 247, Hennepin County, Minnesota",27053024700,3433,2257,262,37,171,0,416,290,65.74424701,7.631808913,1.077774541,4.981066123,0,12.11768133,8.44742208
1400000US27053024801,"Census Tract 248.01, Hennepin County, Minnesota",27053024801,2576,1360,257,29,164,2,506,258,52.79503106,9.976708075,1.125776398,6.366459627,0.077639752,19.64285714,10.01552795
1400000US27053024802,"Census Tract 248.02, Hennepin County, Minnesota",27053024802,3106,1252,461,98,139,1,797,358,40.3090792,14.84224082,3.155183516,4.475209272,0.03219575,25.66001288,11.52607856
1400000US27053024903,"Census Tract 249.03, Hennepin County, Minnesota",27053024903,2378,876,473,70,149,0,433,377,36.83767872,19.89066442,2.943650126,6.265769554,0,18.20857864,15.85365854
1400000US27053024904,"Census Tract 249.04, Hennepin County, Minnesota",27053024904,3637,1893,295,64,273,1,700,411,52.04839153,8.111080561,1.759692054,7.506186417,0.027495188,19.24663184,11.30052241
1400000US27053025100,"Census Tract 251, Hennepin County, Minnesota",27053025100,3343,1840,638,27,258,6,323,251,55.04038289,19.0846545,0.807657792,7.717618905,0.179479509,9.661980257,7.508226144
1400000US27053025201,"Census Tract 252.01, Hennepin County, Minnesota",27053025201,5225,1840,1209,85,308,5,1292,486,35.215311,23.13875598,1.626794258,5.894736842,0.09569378,24.72727273,9.301435407
1400000US27053025205,"Census Tract 252.05, Hennepin County, Minnesota",27053025205,5234,3078,834,91,338,2,475,416,58.80779519,15.93427589,1.738632021,6.457776079,0.038211693,9.075277035,7.948032098
1400000US27053025301,"Census Tract 253.01, Hennepin County, Minnesota",27053025301,3208,2617,182,7,163,5,55,179,81.57730673,5.673316708,0.218204489,5.081047382,0.155860349,1.71446384,5.579800499
1400000US27053025302,"Census Tract 253.02, Hennepin County, Minnesota",27053025302,4438,2652,580,41,472,0,317,376,59.75664714,13.06894998,0.923839567,10.63542136,0,7.142857143,8.472284813
1400000US27053025401,"Census Tract 254.01, Hennepin County, Minnesota",27053025401,4165,2290,431,101,336,2,657,348,54.9819928,10.34813926,2.424969988,8.067226891,0.048019208,15.77430972,8.355342137
1400000US27053025403,"Census Tract 254.03, Hennepin County, Minnesota",27053025403,4089,2297,680,33,284,3,390,402,56.17510394,16.62998288,0.807043287,6.945463438,0.073367572,9.537784299,9.831254585
1400000US27053025601,"Census Tract 256.01, Hennepin County, Minnesota",27053025601,2679,1831,193,8,279,0,149,219,68.34639791,7.204180664,0.298618888,10.41433371,0,5.561776782,8.174692049
1400000US27053025603,"Census Tract 256.03, Hennepin County, Minnesota",27053025603,3849,3057,168,11,227,7,132,247,79.42322681,4.36477007,0.285788516,5.89763575,0.18186542,3.429462198,6.417251234
1400000US27053025605,"Census Tract 256.05, Hennepin County, Minnesota",27053025605,3874,2960,229,9,248,5,161,262,76.40681466,5.911202891,0.232318018,6.401652039,0.129065565,4.155911203,6.763035622
1400000US27053025702,"Census Tract 257.02, Hennepin County, Minnesota",27053025702,4989,3809,431,23,271,1,171,283,76.34796552,8.639005813,0.461014231,5.431950291,0.020044097,3.427540589,5.672479455
1400000US27053025703,"Census Tract 257.03, Hennepin County, Minnesota",27053025703,2329,1819,249,0,146,0,18,97,78.10218978,10.69128381,0,6.268784886,0,0.77286389,4.16487763
1400000US27053025704,"Census Tract 257.04, Hennepin County, Minnesota",27053025704,4894,3438,445,12,410,3,234,352,70.24928484,9.092766653,0.245198202,8.377605231,0.06129955,4.781364937,7.192480588
1400000US27053025801,"Census Tract 258.01, Hennepin County, Minnesota",27053025801,3448,2373,394,11,231,0,162,277,68.8225058,11.42691415,0.319025522,6.699535963,0,4.69837587,8.033642691
1400000US27053025802,"Census Tract 258.02, Hennepin County, Minnesota",27053025802,2443,2053,62,11,91,0,78,148,84.03602129,2.537863283,0.450266066,3.724928367,0,3.192795743,6.058125256
1400000US27053025803,"Census Tract 258.03, Hennepin County, Minnesota",27053025803,3296,2375,348,11,197,0,130,235,72.05703883,10.55825243,0.333737864,5.976941748,0,3.944174757,7.129854369
1400000US27053025805,"Census Tract 258.05, Hennepin County, Minnesota",27053025805,2931,2422,69,125,79,2,39,195,82.63391334,2.354145343,4.264756056,2.695325827,0.068236097,1.330603889,6.653019447
1400000US27053025905,"Census Tract 259.05, Hennepin County, Minnesota",27053025905,3745,3314,62,7,160,1,22,179,88.49132176,1.655540721,0.186915888,4.272363151,0.02670227,0.587449933,4.779706275
1400000US27053025906,"Census Tract 259.06, Hennepin County, Minnesota",27053025906,6099,4494,590,18,416,0,162,419,73.68421053,9.673717003,0.295130349,6.820790293,0,2.656173143,6.869978685
1400000US27053025907,"Census Tract 259.07, Hennepin County, Minnesota",27053025907,4952,4086,151,9,362,1,83,260,82.51211632,3.049273021,0.18174475,7.310177706,0.020193861,1.676090468,5.250403877
1400000US27053025908,"Census Tract 259.08, Hennepin County, Minnesota",27053025908,4026,3381,114,9,227,2,67,226,83.97913562,2.831594635,0.223546945,5.63835072,0.049677099,1.664182812,5.613512171
1400000US27053025909,"Census Tract 259.09, Hennepin County, Minnesota",27053025909,3024,2238,357,19,151,3,58,198,74.00793651,11.80555556,0.628306878,4.993386243,0.099206349,1.917989418,6.547619048
1400000US27053026005,"Census Tract 260.05, Hennepin County, Minnesota",27053026005,4005,2949,471,5,216,7,66,291,73.6329588,11.76029963,0.124843945,5.393258427,0.174781523,1.647940075,7.265917603
1400000US27053026006,"Census Tract 260.06, Hennepin County, Minnesota",27053026006,3126,2174,349,7,285,0,83,228,69.54574536,11.16442738,0.223928343,9.117082534,0,2.655150352,7.293666027
1400000US27053026007,"Census Tract 260.07, Hennepin County, Minnesota",27053026007,5072,3556,600,30,444,6,142,294,70.11041009,11.829653,0.59148265,8.753943218,0.11829653,2.799684543,5.796529968
1400000US27053026013,"Census Tract 260.13, Hennepin County, Minnesota",27053026013,4571,3797,72,12,341,0,41,308,83.06716255,1.57514767,0.262524612,7.460074382,0,0.89695909,6.7381317
1400000US27053026014,"Census Tract 260.14, Hennepin County, Minnesota",27053026014,5214,4285,206,8,324,3,65,323,82.18258535,3.950901419,0.153433065,6.214039125,0.057537399,1.246643652,6.194859992
1400000US27053026015,"Census Tract 260.15, Hennepin County, Minnesota",27053026015,5548,4074,379,10,532,0,150,403,73.43186734,6.831290555,0.180245133,9.589041096,0,2.703677001,7.263878875
1400000US27053026019,"Census Tract 260.19, Hennepin County, Minnesota",27053026019,5123,1712,671,42,2178,1,205,314,33.41791919,13.09779426,0.81983213,42.51415186,0.019519813,4.001561585,6.129221159
1400000US27053026020,"Census Tract 260.20, Hennepin County, Minnesota",27053026020,4848,3134,876,23,491,0,89,235,64.64521452,18.06930693,0.474422442,10.12788779,0,1.835808581,4.847359736
1400000US27053026021,"Census Tract 260.21, Hennepin County, Minnesota",27053026021,4136,3368,55,10,389,0,46,268,81.43133462,1.329787234,0.241779497,9.405222437,0,1.112185687,6.479690522
1400000US27053026023,"Census Tract 260.23, Hennepin County, Minnesota",27053026023,3810,2494,379,28,490,0,126,293,65.45931759,9.947506562,0.734908136,12.86089239,0,3.307086614,7.690288714
1400000US27053026024,"Census Tract 260.24, Hennepin County, Minnesota",27053026024,3644,2983,158,3,244,0,74,182,81.86059276,4.335894621,0.082327113,6.695938529,0,2.030735456,4.994511526
1400000US27053026025,"Census Tract 260.25, Hennepin County, Minnesota",27053026025,2800,2173,43,3,420,0,15,146,77.60714286,1.535714286,0.107142857,15,0,0.535714286,5.214285714
1400000US27053026026,"Census Tract 260.26, Hennepin County, Minnesota",27053026026,4868,3248,122,14,1189,0,37,258,66.72144618,2.506162695,0.28759244,24.42481512,0,0.760065735,5.299917831
1400000US27053026027,"Census Tract 260.27, Hennepin County, Minnesota",27053026027,4267,3483,152,4,314,0,54,260,81.62643543,3.562221701,0.093742676,7.358800094,0,1.265526131,6.093273963
1400000US27053026028,"Census Tract 260.28, Hennepin County, Minnesota",27053026028,3166,1764,115,6,1052,0,43,186,55.71699305,3.632343651,0.189513582,33.22804801,0,1.35818067,5.874921036
1400000US27053026101,"Census Tract 261.01, Hennepin County, Minnesota",27053026101,3487,3013,169,0,66,0,15,224,86.40665328,4.846572985,0,1.892744479,0,0.4301692,6.423860052
1400000US27053026103,"Census Tract 261.03, Hennepin County, Minnesota",27053026103,2830,2500,62,16,67,1,24,160,88.33922261,2.190812721,0.565371025,2.367491166,0.035335689,0.848056537,5.653710247
1400000US27053026104,"Census Tract 261.04, Hennepin County, Minnesota",27053026104,4433,3300,574,11,175,1,101,271,74.44168734,12.94834198,0.248138958,3.947665238,0.022558087,2.278366794,6.113241597
1400000US27053026201,"Census Tract 262.01, Hennepin County, Minnesota",27053026201,3240,2872,46,2,83,0,31,206,88.64197531,1.419753086,0.061728395,2.561728395,0,0.956790123,6.358024691
1400000US27053026202,"Census Tract 262.02, Hennepin County, Minnesota",27053026202,2936,2579,56,6,101,2,17,175,87.84059946,1.907356948,0.204359673,3.440054496,0.068119891,0.579019074,5.960490463
1400000US27053026205,"Census Tract 262.05, Hennepin County, Minnesota",27053026205,3295,2871,38,2,136,0,29,219,87.13201821,1.153262519,0.060698027,4.127465857,0,0.880121396,6.646433991
1400000US27053026206,"Census Tract 262.06, Hennepin County, Minnesota",27053026206,3320,3006,48,6,63,0,21,176,90.54216867,1.445783133,0.180722892,1.897590361,0,0.63253012,5.301204819
1400000US27053026207,"Census Tract 262.07, Hennepin County, Minnesota",27053026207,4140,3214,294,8,209,1,127,287,77.63285024,7.101449275,0.193236715,5.048309179,0.024154589,3.06763285,6.93236715
1400000US27053026208,"Census Tract 262.08, Hennepin County, Minnesota",27053026208,3141,2803,62,6,78,1,22,169,89.23909583,1.973893664,0.191021968,2.483285578,0.031836995,0.700413881,5.380452085
1400000US27053026301,"Census Tract 263.01, Hennepin County, Minnesota",27053026301,3820,3369,59,1,148,1,30,212,88.19371728,1.544502618,0.02617801,3.87434555,0.02617801,0.785340314,5.54973822
1400000US27053026302,"Census Tract 263.02, Hennepin County, Minnesota",27053026302,3417,3123,13,6,64,0,10,201,91.39596137,0.380450688,0.175592625,1.872988001,0,0.292654375,5.882352941
1400000US27053026403,"Census Tract 264.03, Hennepin County, Minnesota",27053026403,3551,2370,361,14,612,0,55,139,66.74176288,10.16615038,0.394255139,17.23458181,0,1.548859476,3.914390313
1400000US27053026404,"Census Tract 264.04, Hennepin County, Minnesota",27053026404,5598,4862,137,20,240,0,60,279,86.8524473,2.447302608,0.357270454,4.287245445,0,1.071811361,4.98392283
1400000US27053026405,"Census Tract 264.05, Hennepin County, Minnesota",27053026405,2501,1882,194,8,214,2,51,150,75.24990004,7.756897241,0.319872051,8.556577369,0.079968013,2.039184326,5.99760096
1400000US27053026406,"Census Tract 264.06, Hennepin County, Minnesota",27053026406,4072,3078,352,12,238,0,111,281,75.58939096,8.644400786,0.294695481,5.844793713,0,2.725933202,6.900785855
1400000US27053026505,"Census Tract 265.05, Hennepin County, Minnesota",27053026505,3581,2911,156,10,253,7,40,204,81.29014242,4.356325049,0.279251606,7.065065624,0.195476124,1.117006423,5.696732756
1400000US27053026507,"Census Tract 265.07, Hennepin County, Minnesota",27053026507,5185,3979,468,14,284,0,121,319,76.74059788,9.026036644,0.270009643,5.477338476,0,2.333654773,6.152362584
1400000US27053026508,"Census Tract 265.08, Hennepin County, Minnesota",27053026508,4930,4043,295,5,239,2,51,295,82.00811359,5.983772819,0.101419878,4.847870183,0.040567951,1.034482759,5.983772819
1400000US27053026509,"Census Tract 265.09, Hennepin County, Minnesota",27053026509,4497,3880,141,3,174,0,52,247,86.27974205,3.135423616,0.066711141,3.869246164,0,1.15632644,5.492550589
1400000US27053026510,"Census Tract 265.10, Hennepin County, Minnesota",27053026510,3439,2659,308,14,239,0,48,171,77.31898808,8.956091887,0.407095086,6.949694679,0,1.39575458,4.972375691
1400000US27053026511,"Census Tract 265.11, Hennepin County, Minnesota",27053026511,3532,2129,695,20,178,0,245,265,60.27746319,19.67723669,0.566251416,5.039637599,0,6.936579841,7.502831257
1400000US27053026514,"Census Tract 265.14, Hennepin County, Minnesota",27053026514,4801,2980,489,26,829,9,115,353,62.070402,10.18537805,0.541553843,17.26723599,0.187460946,2.395334305,7.352634868
1400000US27053026515,"Census Tract 265.15, Hennepin County, Minnesota",27053026515,2072,1657,123,10,102,0,23,157,79.97104247,5.936293436,0.482625483,4.922779923,0,1.11003861,7.577220077
1400000US27053026516,"Census Tract 265.16, Hennepin County, Minnesota",27053026516,3931,3200,208,27,156,4,98,238,81.40422284,5.291274485,0.68684813,3.968455864,0.101755279,2.493004325,6.054439074
1400000US27053026605,"Census Tract 266.05, Hennepin County, Minnesota",27053026605,4207,3275,56,7,612,0,54,203,77.8464464,1.331114809,0.166389351,14.54718327,0,1.283574994,4.825291181
1400000US27053026606,"Census Tract 266.06, Hennepin County, Minnesota",27053026606,5030,4197,204,13,260,1,65,290,83.43936382,4.055666004,0.258449304,5.168986083,0.019880716,1.292246521,5.765407555
1400000US27053026609,"Census Tract 266.09, Hennepin County, Minnesota",27053026609,3009,2619,59,9,108,0,36,178,87.03888335,1.960784314,0.299102692,3.589232303,0,1.196410768,5.915586574
1400000US27053026610,"Census Tract 266.10, Hennepin County, Minnesota",27053026610,4411,3724,191,28,150,0,50,268,84.42530039,4.330083881,0.634776695,3.400589436,0,1.133529812,6.075719791
1400000US27053026611,"Census Tract 266.11, Hennepin County, Minnesota",27053026611,4902,3578,609,11,344,2,61,297,72.99061608,12.42350061,0.224398205,7.01754386,0.040799674,1.244390045,6.05875153
1400000US27053026614,"Census Tract 266.14, Hennepin County, Minnesota",27053026614,3925,3194,141,15,304,0,70,201,81.37579618,3.592356688,0.382165605,7.74522293,0,1.78343949,5.121019108
1400000US27053026615,"Census Tract 266.15, Hennepin County, Minnesota",27053026615,7806,5366,471,25,1415,1,71,457,68.74199334,6.033820138,0.320266462,18.12708173,0.012810658,0.909556751,5.85447092
1400000US27053026616,"Census Tract 266.16, Hennepin County, Minnesota",27053026616,9818,5546,403,9,3197,1,72,590,56.48808311,4.104705643,0.091668364,32.56264005,0.010185374,0.733346914,6.009370544
1400000US27053026617,"Census Tract 266.17, Hennepin County, Minnesota",27053026617,2287,1700,89,5,393,0,4,96,74.33318758,3.891560997,0.218627022,17.18408395,0,0.174901618,4.197638828
1400000US27053026702,"Census Tract 267.02, Hennepin County, Minnesota",27053026702,2688,2167,176,7,54,0,43,241,80.61755952,6.547619048,0.260416667,2.008928571,0,1.599702381,8.96577381
1400000US27053026706,"Census Tract 267.06, Hennepin County, Minnesota",27053026706,3360,2853,124,11,102,0,57,213,84.91071429,3.69047619,0.327380952,3.035714286,0,1.696428571,6.339285714
1400000US27053026707,"Census Tract 267.07, Hennepin County, Minnesota",27053026707,5188,4251,260,37,178,0,93,369,81.93909021,5.01156515,0.713184271,3.430994603,0,1.792598304,7.112567463
1400000US27053026708,"Census Tract 267.08, Hennepin County, Minnesota",27053026708,5399,4502,256,11,218,2,70,340,83.38581219,4.741618818,0.203741434,4.037784775,0.037043897,1.296536396,6.297462493
1400000US27053026711,"Census Tract 267.11, Hennepin County, Minnesota",27053026711,3068,2490,236,20,102,0,51,169,81.16036506,7.692307692,0.651890482,3.32464146,0,1.66232073,5.508474576
1400000US27053026712,"Census Tract 267.12, Hennepin County, Minnesota",27053026712,3233,2383,400,20,112,2,68,248,73.70862976,12.37240953,0.618620476,3.464274667,0.061862048,2.10330962,7.670893907
1400000US27053026713,"Census Tract 267.13, Hennepin County, Minnesota",27053026713,4190,3402,199,26,207,3,87,266,81.19331742,4.749403341,0.62052506,4.940334129,0.071599045,2.076372315,6.348448687
1400000US27053026717,"Census Tract 267.17, Hennepin County, Minnesota",27053026717,6408,4541,713,34,594,1,124,401,70.86454432,11.1267166,0.530586767,9.269662921,0.015605493,1.935081149,6.257802747
1400000US27053026718,"Census Tract 267.18, Hennepin County, Minnesota",27053026718,3725,2928,256,3,226,0,34,278,78.60402685,6.872483221,0.080536913,6.067114094,0,0.912751678,7.463087248
1400000US27053026719,"Census Tract 267.19, Hennepin County, Minnesota",27053026719,5783,4871,185,5,376,3,48,295,84.2296386,3.199031644,0.086460315,6.501815667,0.051876189,0.830019021,5.101158568
1400000US27053026720,"Census Tract 267.20, Hennepin County, Minnesota",27053026720,5143,4057,174,14,541,1,35,321,78.88391989,3.383239354,0.272214661,10.51915225,0.019443904,0.680536652,6.241493292
1400000US27053026721,"Census Tract 267.21, Hennepin County, Minnesota",27053026721,2833,2496,78,7,89,0,25,138,88.10448288,2.75326509,0.247087893,3.141546064,0,0.88245676,4.871161313
1400000US27053026722,"Census Tract 267.22, Hennepin County, Minnesota",27053026722,5286,3589,323,3,1027,0,53,291,67.89632993,6.110480515,0.056753689,19.42867953,0,1.002648505,5.505107832
1400000US27053026723,"Census Tract 267.23, Hennepin County, Minnesota",27053026723,4647,3641,216,3,490,1,54,242,78.3516247,4.648160103,0.064557779,10.54443727,0.02151926,1.162040026,5.207660856
1400000US27053026724,"Census Tract 267.24, Hennepin County, Minnesota",27053026724,4134,2881,424,24,477,5,68,255,69.69037252,10.25641026,0.580551524,11.53846154,0.120948234,1.644895985,6.168359942
1400000US27053026725,"Census Tract 267.25, Hennepin County, Minnesota",27053026725,3591,2759,302,15,247,0,74,194,76.8309663,8.409913673,0.417710944,6.878306878,0,2.060707324,5.402394876
1400000US27053026726,"Census Tract 267.26, Hennepin County, Minnesota",27053026726,4265,3129,368,14,394,0,80,280,73.36459555,8.628370457,0.328253224,9.237983587,0,1.875732708,6.565064478
1400000US27053026807,"Census Tract 268.07, Hennepin County, Minnesota",27053026807,5977,3159,1622,39,449,3,279,426,52.85260164,27.13735988,0.652501255,7.512129831,0.050192404,4.667893592,7.127321399
1400000US27053026809,"Census Tract 268.09, Hennepin County, Minnesota",27053026809,4834,811,2400,46,417,3,788,369,16.77699628,49.64832437,0.951592884,8.626396359,0.062060405,16.30119983,7.633429872
1400000US27053026811,"Census Tract 268.11, Hennepin County, Minnesota",27053026811,6398,1967,2163,41,1415,1,298,513,30.74398249,33.80743982,0.640825258,22.11628634,0.015629884,4.657705533,8.018130666
1400000US27053026812,"Census Tract 268.12, Hennepin County, Minnesota",27053026812,8840,4549,1668,35,1809,0,180,599,51.45927602,18.86877828,0.395927602,20.4638009,0,2.036199095,6.7760181
1400000US27053026814,"Census Tract 268.14, Hennepin County, Minnesota",27053026814,7225,2230,1981,62,1997,6,463,486,30.8650519,27.41868512,0.858131488,27.64013841,0.083044983,6.408304498,6.726643599
1400000US27053026815,"Census Tract 268.15, Hennepin County, Minnesota",27053026815,5648,2377,1237,43,1308,0,294,389,42.08569405,21.90155807,0.761331445,23.15864023,0,5.205382436,6.887393768
1400000US27053026816,"Census Tract 268.16, Hennepin County, Minnesota",27053026816,7087,2102,2431,60,1667,0,366,461,29.65994074,34.30224354,0.846620573,23.52194158,0,5.164385495,6.504868068
1400000US27053026818,"Census Tract 268.18, Hennepin County, Minnesota",27053026818,5255,1633,1750,51,1132,0,301,388,31.07516651,33.30161751,0.970504282,21.54138915,0,5.727878211,7.383444339
1400000US27053026819,"Census Tract 268.19, Hennepin County, Minnesota",27053026819,4578,726,2790,39,514,0,170,339,15.85845347,60.94364351,0.851900393,11.22761031,0,3.71341197,7.404980341
1400000US27053026822,"Census Tract 268.22, Hennepin County, Minnesota",27053026822,5158,3147,910,17,707,0,86,291,61.01202016,17.64249709,0.329585111,13.70686313,0,1.667312912,5.641721598
1400000US27053026823,"Census Tract 268.23, Hennepin County, Minnesota",27053026823,5133,2538,1062,10,1113,3,107,300,49.44476914,20.68965517,0.194817845,21.68322618,0.058445354,2.084550945,5.844535359
1400000US27053026824,"Census Tract 268.24, Hennepin County, Minnesota",27053026824,6023,3547,1061,10,934,0,90,381,58.89091815,17.61580608,0.166030217,15.50722231,0,1.494271957,6.325751287
1400000US27053026825,"Census Tract 268.25, Hennepin County, Minnesota",27053026825,3337,1483,649,15,852,0,107,231,44.44111477,19.44860653,0.449505544,25.53191489,0,3.20647288,6.922385376
1400000US27053026826,"Census Tract 268.26, Hennepin County, Minnesota",27053026826,4452,2463,799,22,834,0,62,272,55.32345013,17.94699012,0.494159928,18.73315364,0,1.392632525,6.109613657
1400000US27053026827,"Census Tract 268.27, Hennepin County, Minnesota",27053026827,2078,512,888,14,430,0,102,132,24.63907603,42.7333975,0.673724735,20.69297401,0,4.908565929,6.35226179
1400000US27053026828,"Census Tract 268.28, Hennepin County, Minnesota",27053026828,4455,1060,2078,38,736,1,270,272,23.79349046,46.64421998,0.852974186,16.52076319,0.022446689,6.060606061,6.105499439
1400000US27053026903,"Census Tract 269.03, Hennepin County, Minnesota",27053026903,4696,3811,316,27,182,0,79,281,81.15417376,6.729131175,0.574957411,3.875638842,0,1.682282794,5.983816014
1400000US27053026906,"Census Tract 269.06, Hennepin County, Minnesota",27053026906,7580,5832,606,40,440,0,153,509,76.93931398,7.994722955,0.527704485,5.80474934,0,2.018469657,6.715039578
1400000US27053026907,"Census Tract 269.07, Hennepin County, Minnesota",27053026907,5596,4558,440,17,243,0,67,271,81.45103645,7.862759114,0.30378842,4.34238742,0,1.197283774,4.842744818
1400000US27053026908,"Census Tract 269.08, Hennepin County, Minnesota",27053026908,6047,4657,604,29,280,1,101,375,77.01339507,9.988424012,0.47957665,4.630395237,0.016537126,1.670249711,6.201422193
1400000US27053026910,"Census Tract 269.10, Hennepin County, Minnesota",27053026910,7212,5825,238,35,216,0,427,471,80.76816417,3.300055463,0.485302274,2.995008319,0,5.920687743,6.53078203
1400000US27053026911,"Census Tract 269.11, Hennepin County, Minnesota",27053026911,5250,4551,216,14,164,3,68,234,86.68571429,4.114285714,0.266666667,3.123809524,0.057142857,1.295238095,4.457142857
1400000US27053026912,"Census Tract 269.12, Hennepin County, Minnesota",27053026912,8711,7963,146,6,175,4,79,338,91.41315578,1.676041786,0.06887843,2.008954196,0.045918953,0.906899323,3.880151533
1400000US27053027001,"Census Tract 270.01, Hennepin County, Minnesota",27053027001,3358,3038,25,12,33,0,69,181,90.47051817,0.744490768,0.357355569,0.982727814,0,2.054794521,5.390113163
1400000US27053027002,"Census Tract 270.02, Hennepin County, Minnesota",27053027002,5498,5072,40,16,60,0,86,224,92.2517279,0.727537286,0.291014915,1.091305929,0,1.564205166,4.074208803
1400000US27053027101,"Census Tract 271.01, Hennepin County, Minnesota",27053027101,7483,6154,148,9,710,1,55,406,82.23974342,1.977816384,0.120272618,9.488173193,0.013363624,0.734999332,5.425631431
1400000US27053027102,"Census Tract 271.02, Hennepin County, Minnesota",27053027102,6185,5016,27,23,623,0,219,277,81.09943411,0.436540016,0.371867421,10.07275667,0,3.540824576,4.478577203
1400000US27053027202,"Census Tract 272.02, Hennepin County, Minnesota",27053027202,1741,1527,19,4,32,0,52,107,87.70821367,1.091326824,0.229753016,1.838024124,0,2.986789202,6.145893165
1400000US27053027203,"Census Tract 272.03, Hennepin County, Minnesota",27053027203,3691,3393,51,10,60,2,19,156,91.92630723,1.381739366,0.270929287,1.625575725,0.054185857,0.514765646,4.226496884
1400000US27053027204,"Census Tract 272.04, Hennepin County, Minnesota",27053027204,3867,3570,17,4,44,0,30,202,92.31962762,0.439617274,0.103439359,1.137832945,0,0.77579519,5.223687613
1400000US27053027205,"Census Tract 272.05, Hennepin County, Minnesota",27053027205,3037,2783,10,13,65,2,30,134,91.63648337,0.329272308,0.428054001,2.140270003,0.065854462,0.987816925,4.41224893
1400000US27053027300,"Census Tract 273, Hennepin County, Minnesota",27053027300,4434,3895,131,6,129,0,97,176,87.84393324,2.954442941,0.135317997,2.909336942,0,2.187640956,3.969327921
1400000US27053027400,"Census Tract 274, Hennepin County, Minnesota",27053027400,4283,4005,11,2,54,0,40,171,93.50922251,0.256829325,0.046696241,1.260798506,0,0.933924819,3.992528601
1400000US27053027501,"Census Tract 275.01, Hennepin County, Minnesota",27053027501,4523,4028,72,18,85,0,108,212,89.05593633,1.591863807,0.397965952,1.879283661,0,2.387795711,4.687154543
1400000US27053027503,"Census Tract 275.03, Hennepin County, Minnesota",27053027503,4376,3989,31,1,88,2,36,229,91.15630713,0.708409506,0.02285192,2.010968921,0.045703839,0.822669104,5.23308958
1400000US27053027504,"Census Tract 275.04, Hennepin County, Minnesota",27053027504,3403,3065,20,4,101,0,19,194,90.06758742,0.587716721,0.117543344,2.967969439,0,0.558330885,5.700852189
1400000US27053027601,"Census Tract 276.01, Hennepin County, Minnesota",27053027601,4057,3575,87,33,59,0,45,258,88.11929998,2.144441706,0.813408923,1.454276559,0,1.109193986,6.359378851
1400000US27053027602,"Census Tract 276.02, Hennepin County, Minnesota",27053027602,5341,4765,35,25,112,0,81,323,89.21550271,0.655307995,0.468077139,2.096985583,0,1.516569931,6.047556637
1400000US27053027701,"Census Tract 277.01, Hennepin County, Minnesota",27053027701,3789,3518,18,5,31,0,24,193,92.84771708,0.475059382,0.13196094,0.818157825,0,0.63341251,5.093692267
1400000US27053027702,"Census Tract 277.02, Hennepin County, Minnesota",27053027702,2307,2094,24,13,34,0,21,121,90.76723017,1.040312094,0.563502384,1.473775466,0,0.910273082,5.244906805
1400000US27053027703,"Census Tract 277.03, Hennepin County, Minnesota",27053027703,4473,4064,35,4,96,0,30,244,90.8562486,0.782472613,0.089425442,2.146210597,0,0.670690812,5.454951934
1400000US27053100200,"Census Tract 1002, Hennepin County, Minnesota",27053100200,3764,1744,1134,94,252,1,169,370,46.33368757,30.12752391,2.497343252,6.695005313,0.026567481,4.489904357,9.829968119
1400000US27053100400,"Census Tract 1004, Hennepin County, Minnesota",27053100400,3388,915,1381,104,355,1,285,347,27.00708383,40.76151122,3.069657615,10.47815821,0.029515939,8.412042503,10.2420307
1400000US27053100500,"Census Tract 1005, Hennepin County, Minnesota",27053100500,1978,1396,218,16,104,3,74,167,70.57633974,11.02123357,0.808897877,5.257836198,0.151668352,3.741152679,8.442871587
1400000US27053100700,"Census Tract 1007, Hennepin County, Minnesota",27053100700,3139,1495,861,80,189,6,159,349,47.62663269,27.42911755,2.548582351,6.021025804,0.191143676,5.065307423,11.11819051
1400000US27053100800,"Census Tract 1008, Hennepin County, Minnesota",27053100800,4209,1194,1802,100,405,0,302,406,28.36778332,42.81301972,2.37586125,9.622238061,0,7.175100974,9.645996674
1400000US27053100900,"Census Tract 1009, Hennepin County, Minnesota",27053100900,5005,1142,2199,120,578,0,487,479,22.81718282,43.93606394,2.397602398,11.54845155,0,9.73026973,9.57042957
1400000US27053101200,"Census Tract 1012, Hennepin County, Minnesota",27053101200,4913,3902,235,51,189,3,134,399,79.42194179,4.78322817,1.038062284,3.846936699,0.061062487,2.727457765,8.121310808
1400000US27053101300,"Census Tract 1013, Hennepin County, Minnesota",27053101300,1887,347,905,47,243,3,179,163,18.38897721,47.95972443,2.49072602,12.87758347,0.158982512,9.485956545,8.638049815
1400000US27053101600,"Census Tract 1016, Hennepin County, Minnesota",27053101600,3174,560,1642,72,396,3,220,281,17.64335224,51.73282924,2.268431002,12.47637051,0.094517958,6.93131695,8.853182105
1400000US27053101800,"Census Tract 1018, Hennepin County, Minnesota",27053101800,4153,2247,872,105,88,6,425,410,54.10546593,20.99686973,2.5282928,2.118950157,0.144473874,10.2335661,9.872381411
1400000US27053101900,"Census Tract 1019, Hennepin County, Minnesota",27053101900,2833,2018,301,28,75,0,171,240,71.23190964,10.62477939,0.988351571,2.647370279,0,6.036004236,8.471584892
1400000US27053102000,"Census Tract 1020, Hennepin County, Minnesota",27053102000,2317,671,1069,27,216,1,128,205,28.95986189,46.13724644,1.165299957,9.322399655,0.043159258,5.524384981,8.84764782
1400000US27053102100,"Census Tract 1021, Hennepin County, Minnesota",27053102100,2809,451,1486,76,351,1,170,274,16.05553578,52.90138839,2.705589178,12.49555002,0.035599858,6.051975792,9.754360983
1400000US27053102500,"Census Tract 1025, Hennepin County, Minnesota",27053102500,2746,1984,340,39,56,1,114,212,72.25054625,12.38164603,1.420247633,2.039329934,0.036416606,4.151493081,7.720320466
1400000US27053102600,"Census Tract 1026, Hennepin County, Minnesota",27053102600,2023,1303,242,52,63,0,159,204,64.40929313,11.96243203,2.570439941,3.114186851,0,7.859614434,10.08403361
1400000US27053102800,"Census Tract 1028, Hennepin County, Minnesota",27053102800,2999,521,1526,82,426,3,195,246,17.37245749,50.88362788,2.734244748,14.20473491,0.100033344,6.502167389,8.202734245
1400000US27053103000,"Census Tract 1030, Hennepin County, Minnesota",27053103000,1779,1409,115,20,52,0,51,132,79.20179876,6.46430579,1.124227094,2.922990444,0,2.866779089,7.41989882
1400000US27053103100,"Census Tract 1031, Hennepin County, Minnesota",27053103100,2161,1501,257,30,66,0,120,187,69.45858399,11.8926423,1.388246182,3.054141601,0,5.552984729,8.653401203
1400000US27053103400,"Census Tract 1034, Hennepin County, Minnesota",27053103400,3063,271,2316,38,54,1,266,117,8.847535096,75.61214496,1.240613777,1.762977473,0.032647731,8.684296441,3.819784525
1400000US27053103600,"Census Tract 1036, Hennepin County, Minnesota",27053103600,3093,2609,119,14,137,0,37,177,84.35176204,3.847397349,0.452634982,4.429356612,0,1.196249596,5.722599418
1400000US27053103700,"Census Tract 1037, Hennepin County, Minnesota",27053103700,4282,3158,351,45,319,0,100,309,73.75058384,8.197104157,1.050910789,7.449789818,0,2.33535731,7.216254087
1400000US27053103900,"Census Tract 1039, Hennepin County, Minnesota",27053103900,4320,3200,176,30,584,0,76,254,74.07407407,4.074074074,0.694444444,13.51851852,0,1.759259259,5.87962963
1400000US27053104001,"Census Tract 1040.01, Hennepin County, Minnesota",27053104001,2756,1815,429,25,225,0,48,214,65.8563135,15.56603774,0.907111756,8.164005806,0,1.741654572,7.764876633
1400000US27053104002,"Census Tract 1040.02, Hennepin County, Minnesota",27053104002,4309,2946,348,44,528,0,99,344,68.36853098,8.076119749,1.021118589,12.25342307,0,2.297516825,7.983290787
1400000US27053104100,"Census Tract 1041, Hennepin County, Minnesota",27053104100,3245,1155,1267,36,265,5,216,301,35.59322034,39.04468413,1.109399076,8.166409861,0.154083205,6.656394453,9.275808937
1400000US27053104400,"Census Tract 1044, Hennepin County, Minnesota",27053104400,2576,1357,616,52,348,4,45,154,52.67857143,23.91304348,2.01863354,13.50931677,0.155279503,1.74689441,5.97826087
1400000US27053104801,"Census Tract 1048.01, Hennepin County, Minnesota",27053104801,4314,184,3793,10,169,1,73,84,4.265183125,87.92304126,0.231803431,3.917477979,0.023180343,1.692165044,1.947148818
1400000US27053104802,"Census Tract 1048.02, Hennepin County, Minnesota",27053104802,4709,2423,1042,70,711,0,123,340,51.45466129,22.12784031,1.486515184,15.09874708,0,2.612019537,7.220216606
1400000US27053104901,"Census Tract 1049.01, Hennepin County, Minnesota",27053104901,6900,5015,366,19,981,0,105,414,72.68115942,5.304347826,0.275362319,14.2173913,0,1.52173913,6
1400000US27053104902,"Census Tract 1049.02, Hennepin County, Minnesota",27053104902,6121,2927,868,12,1861,1,97,355,47.81898383,14.18068943,0.196046398,30.40352884,0.0163372,1.584708381,5.79970593
1400000US27053105100,"Census Tract 1051, Hennepin County, Minnesota",27053105100,2768,2358,93,8,71,0,31,207,85.18786127,3.35982659,0.289017341,2.565028902,0,1.119942197,7.478323699
1400000US27053105201,"Census Tract 1052.01, Hennepin County, Minnesota",27053105201,3008,2250,279,11,173,0,87,208,74.80053191,9.275265957,0.365691489,5.751329787,0,2.892287234,6.914893617
1400000US27053105204,"Census Tract 1052.04, Hennepin County, Minnesota",27053105204,2865,1757,593,34,192,1,55,233,61.32635253,20.69808028,1.186736475,6.701570681,0.034904014,1.919720768,8.132635253
1400000US27053105400,"Census Tract 1054, Hennepin County, Minnesota",27053105400,4440,2699,926,76,307,0,139,293,60.78828829,20.85585586,1.711711712,6.914414414,0,3.130630631,6.599099099
1400000US27053105500,"Census Tract 1055, Hennepin County, Minnesota",27053105500,3822,3207,149,14,129,0,49,274,83.90894819,3.89848247,0.366300366,3.375196232,0,1.282051282,7.169021455
1400000US27053105600,"Census Tract 1056, Hennepin County, Minnesota",27053105600,4920,3103,927,55,233,0,174,428,63.06910569,18.84146341,1.117886179,4.735772358,0,3.536585366,8.699186992
1400000US27053105700,"Census Tract 1057, Hennepin County, Minnesota",27053105700,3062,1641,862,83,120,4,117,235,53.59242325,28.15153494,2.710646636,3.919007185,0.130633573,3.821032005,7.674722404
1400000US27053106000,"Census Tract 1060, Hennepin County, Minnesota",27053106000,3431,607,1772,300,88,6,423,235,17.69163509,51.64675022,8.74380647,2.564849898,0.174876129,12.32876712,6.849315068
1400000US27053106200,"Census Tract 1062, Hennepin County, Minnesota",27053106200,3817,1297,2083,50,103,0,74,210,33.9795651,54.57165313,1.309929264,2.698454283,0,1.93869531,5.501702908
1400000US27053106400,"Census Tract 1064, Hennepin County, Minnesota",27053106400,1817,851,803,20,48,4,17,74,46.83544304,44.19372592,1.100715465,2.641717116,0.220143093,0.935608145,4.072647221
1400000US27053106500,"Census Tract 1065, Hennepin County, Minnesota",27053106500,4872,4195,109,14,201,0,56,297,86.10426929,2.23727422,0.287356322,4.125615764,0,1.149425287,6.096059113
1400000US27053106600,"Census Tract 1066, Hennepin County, Minnesota",27053106600,2517,2131,64,1,85,6,51,179,84.66428288,2.542709575,0.039729837,3.377036154,0.238379023,2.026221692,7.111640842
1400000US27053106700,"Census Tract 1067, Hennepin County, Minnesota",27053106700,5075,3980,320,40,181,0,156,398,78.42364532,6.305418719,0.78817734,3.566502463,0,3.073891626,7.842364532
1400000US27053106900,"Census Tract 1069, Hennepin County, Minnesota",27053106900,2842,1724,495,69,129,1,150,274,60.66150598,17.41731175,2.427867699,4.539057002,0.035186488,5.277973258,9.641097818
1400000US27053107000,"Census Tract 1070, Hennepin County, Minnesota",27053107000,3971,1993,955,53,162,0,479,329,50.1888693,24.04935784,1.334676404,4.079576933,0,12.06245278,8.285066734
1400000US27053107400,"Census Tract 1074, Hennepin County, Minnesota",27053107400,1799,1044,353,52,40,0,138,172,58.03224013,19.62201223,2.890494719,2.223457476,0,7.670928293,9.560867148
1400000US27053107500,"Census Tract 1075, Hennepin County, Minnesota",27053107500,1882,1483,124,34,60,0,33,148,78.79914984,6.588735388,1.806588735,3.188097768,0,1.753453773,7.863974495
1400000US27053107600,"Census Tract 1076, Hennepin County, Minnesota",27053107600,3566,2952,155,27,90,3,94,245,82.78182838,4.346606842,0.757150869,2.523836231,0.084127874,2.63600673,6.870443073
1400000US27053108000,"Census Tract 1080, Hennepin County, Minnesota",27053108000,3585,2948,139,25,143,1,69,260,82.23152022,3.877266388,0.69735007,3.988842399,0.027894003,1.924686192,7.252440725
1400000US27053108600,"Census Tract 1086, Hennepin County, Minnesota",27053108600,2944,1286,346,102,51,0,756,403,43.68206522,11.75271739,3.464673913,1.732336957,0,25.67934783,13.6888587
1400000US27053108700,"Census Tract 1087, Hennepin County, Minnesota",27053108700,4013,2262,831,92,117,1,328,382,56.36680787,20.70769998,2.292549215,2.915524545,0.024919013,8.173436332,9.519063045
1400000US27053108800,"Census Tract 1088, Hennepin County, Minnesota",27053108800,3698,2151,622,139,99,0,353,334,58.16657653,16.81990265,3.758788534,2.677122769,0,9.545700379,9.03190914
1400000US27053108900,"Census Tract 1089, Hennepin County, Minnesota",27053108900,2310,1867,91,24,66,0,53,209,80.82251082,3.939393939,1.038961039,2.857142857,0,2.294372294,9.047619048
1400000US27053109000,"Census Tract 1090, Hennepin County, Minnesota",27053109000,1805,1556,58,7,37,0,24,123,86.20498615,3.213296399,0.387811634,2.049861496,0,1.329639889,6.814404432
1400000US27053109100,"Census Tract 1091, Hennepin County, Minnesota",27053109100,4998,4249,141,25,169,4,79,331,85.0140056,2.821128451,0.50020008,3.381352541,0.080032013,1.580632253,6.62264906
1400000US27053109200,"Census Tract 1092, Hennepin County, Minnesota",27053109200,3473,2751,275,23,76,0,110,238,79.21105672,7.918226317,0.662251656,2.188309819,0,3.167290527,6.852864958
1400000US27053109300,"Census Tract 1093, Hennepin County, Minnesota",27053109300,4032,2784,378,51,101,0,349,369,69.04761905,9.375,1.264880952,2.504960317,0,8.655753968,9.151785714
1400000US27053109400,"Census Tract 1094, Hennepin County, Minnesota",27053109400,2192,602,620,80,92,0,582,216,27.46350365,28.28467153,3.649635036,4.197080292,0,26.55109489,9.854014599
1400000US27053109700,"Census Tract 1097, Hennepin County, Minnesota",27053109700,2311,1336,252,54,63,2,331,273,57.81047166,10.9043704,2.336650801,2.726092601,0.086542622,14.32280398,11.81306794
1400000US27053109800,"Census Tract 1098, Hennepin County, Minnesota",27053109800,4412,3699,128,9,150,2,47,377,83.83952856,2.901178604,0.203989121,3.399818676,0.045330916,1.065276519,8.544877607
1400000US27053109900,"Census Tract 1099, Hennepin County, Minnesota",27053109900,4034,3178,218,61,95,1,151,330,78.78036688,5.404065444,1.512146753,2.354982647,0.024789291,3.743182945,8.180466039
1400000US27053110000,"Census Tract 1100, Hennepin County, Minnesota",27053110000,1683,563,484,20,56,5,356,199,33.45216875,28.75816993,1.18835413,3.327391563,0.297088532,21.15270351,11.82412359
1400000US27053110100,"Census Tract 1101, Hennepin County, Minnesota",27053110100,2845,2012,187,64,109,1,212,260,70.72056239,6.572934974,2.249560633,3.831282953,0.035149385,7.451669596,9.13884007
1400000US27053110200,"Census Tract 1102, Hennepin County, Minnesota",27053110200,3667,2869,222,66,77,3,125,305,78.23834197,6.053995091,1.799836379,2.099809108,0.081810744,3.40878102,8.317425689
1400000US27053110400,"Census Tract 1104, Hennepin County, Minnesota",27053110400,3351,2141,620,89,88,0,134,279,63.89137571,18.50193972,2.655923605,2.626081767,0,3.998806326,8.325872874
1400000US27053110500,"Census Tract 1105, Hennepin County, Minnesota",27053110500,5250,4325,289,65,116,1,98,356,82.38095238,5.504761905,1.238095238,2.20952381,0.019047619,1.866666667,6.780952381
1400000US27053110800,"Census Tract 1108, Hennepin County, Minnesota",27053110800,4331,3484,239,32,112,2,100,362,80.44331563,5.518356038,0.738859386,2.58600785,0.046178712,2.308935581,8.358346802
1400000US27053110900,"Census Tract 1109, Hennepin County, Minnesota",27053110900,3497,2087,713,21,97,2,225,352,59.67972548,20.38890478,0.600514727,2.77380612,0.057191879,6.43408636,10.06577066
1400000US27053111100,"Census Tract 1111, Hennepin County, Minnesota",27053111100,3375,2705,131,45,60,4,156,274,80.14814815,3.881481481,1.333333333,1.777777778,0.118518519,4.622222222,8.118518519
1400000US27053111200,"Census Tract 1112, Hennepin County, Minnesota",27053111200,3333,2935,50,14,97,1,12,224,88.05880588,1.500150015,0.420042004,2.910291029,0.030003,0.360036004,6.720672067
1400000US27053111300,"Census Tract 1113, Hennepin County, Minnesota",27053111300,5210,4476,166,24,128,3,67,346,85.91170825,3.186180422,0.460652591,2.45681382,0.057581574,1.285988484,6.641074856
1400000US27053111400,"Census Tract 1114, Hennepin County, Minnesota",27053111400,4014,3469,114,10,100,2,58,261,86.42252118,2.840059791,0.249128052,2.491280518,0.04982561,1.444942701,6.502242152
1400000US27053111500,"Census Tract 1115, Hennepin County, Minnesota",27053111500,5651,4562,431,32,105,0,105,416,80.7290745,7.626968678,0.566271456,1.858078216,0,1.858078216,7.361528933
1400000US27053111600,"Census Tract 1116, Hennepin County, Minnesota",27053111600,3214,2637,165,8,64,2,57,281,82.04729309,5.13378967,0.248911014,1.991288114,0.062227754,1.773490977,8.742999378
1400000US27053122500,"Census Tract 1225, Hennepin County, Minnesota",27053122500,3584,2598,492,16,110,0,97,271,72.48883929,13.72767857,0.446428571,3.069196429,0,2.706473214,7.561383929
1400000US27053122600,"Census Tract 1226, Hennepin County, Minnesota",27053122600,2447,1999,130,29,72,0,38,179,81.69186759,5.312627707,1.185124642,2.942378423,0,1.552921945,7.315079689
1400000US27053125500,"Census Tract 1255, Hennepin County, Minnesota",27053125500,3707,2141,523,26,304,3,385,325,57.75559752,14.10844349,0.701375776,8.200701376,0.080927974,10.38575668,8.767197194
1400000US27053125600,"Census Tract 1256, Hennepin County, Minnesota",27053125600,5233,3171,388,25,1212,7,98,332,60.59621632,7.414484999,0.477737436,23.16071087,0.133766482,1.872730747,6.344353144
1400000US27053125700,"Census Tract 1257, Hennepin County, Minnesota",27053125700,3852,763,1635,100,685,0,348,321,19.807892,42.44548287,2.596053998,17.78296989,0,9.034267913,8.333333333
1400000US27053125800,"Census Tract 1258, Hennepin County, Minnesota",27053125800,5208,1248,1803,239,90,3,1291,534,23.96313364,34.61981567,4.589093702,1.728110599,0.057603687,24.78878648,10.25345622
1400000US27053125900,"Census Tract 1259, Hennepin County, Minnesota",27053125900,4904,887,1412,951,158,0,1037,459,18.08727569,28.79282219,19.39233279,3.221859706,0,21.14600326,9.359706362
1400000US27053126000,"Census Tract 1260, Hennepin County, Minnesota",27053126000,5056,1125,2362,181,101,4,898,385,22.25079114,46.71677215,3.579905063,1.997626582,0.079113924,17.76107595,7.61471519
1400000US27053126101,"Census Tract 1261.01, Hennepin County, Minnesota",27053126101,2746,1799,200,13,549,0,46,139,65.51347414,7.283321194,0.473415878,19.99271668,0,1.675163875,5.06190823
1400000US27053126102,"Census Tract 1261.02, Hennepin County, Minnesota",27053126102,6867,4637,1013,142,583,6,108,378,67.52584826,14.75171108,2.067860783,8.489879132,0.087374399,1.572739187,5.504587156
1400000US27053126201,"Census Tract 1262.01, Hennepin County, Minnesota",27053126201,3153,2162,534,82,116,2,55,202,68.56961624,16.93625119,2.600697748,3.679035839,0.063431652,1.744370441,6.406596892
1400000US27053126202,"Census Tract 1262.02, Hennepin County, Minnesota",27053126202,4387,3703,127,12,266,1,47,231,84.4084796,2.8949168,0.273535446,6.063369045,0.02279462,1.071347162,5.265557328
1400000US27053126300,"Census Tract 1263, Hennepin County, Minnesota",27053126300,2679,610,1445,44,231,1,163,185,22.76969018,53.93803658,1.642403882,8.622620381,0.037327361,6.084359836,6.905561777
1400000US27053980000,"Census Tract 9800, Hennepin County, Minnesota",27053980000,8,4,0,1,0,0,1,2,50,0,12.5,0,0,12.5,25
1400000US27053980100,"Census Tract 9801, Hennepin County, Minnesota",27053980100,432,258,130,8,6,2,2,26,59.72222222,30.09259259,1.851851852,1.388888889,0.462962963,0.462962963,6.018518519
1400000US27123030100,"Census Tract 301, Ramsey County, Minnesota",27123030100,4598,3522,203,19,451,0,73,330,76.5985211,4.414963027,0.41322314,9.80861244,0,1.587646803,7.177033493
1400000US27123030201,"Census Tract 302.01, Ramsey County, Minnesota",27123030201,5090,4205,251,17,203,2,71,341,82.6129666,4.931237721,0.333988212,3.988212181,0.039292731,1.394891945,6.699410609
1400000US27123030202,"Census Tract 302.02, Ramsey County, Minnesota",27123030202,2056,1405,289,19,167,0,32,144,68.33657588,14.05642023,0.924124514,8.122568093,0,1.556420233,7.003891051
1400000US27123030300,"Census Tract 303, Ramsey County, Minnesota",27123030300,5788,4671,338,29,260,2,61,427,80.70145128,5.839668279,0.501036628,4.492052522,0.03455425,1.05390463,7.377332412
1400000US27123030400,"Census Tract 304, Ramsey County, Minnesota",27123030400,6253,2132,1545,93,1752,3,274,454,34.0956341,24.70814009,1.487286103,28.0185511,0.047976971,4.38189669,7.260514953
1400000US27123030500,"Census Tract 305, Ramsey County, Minnesota",27123030500,6312,1074,1779,49,2732,0,279,399,17.01520913,28.18441065,0.776299113,43.28263625,0,4.420152091,6.321292776
1400000US27123030601,"Census Tract 306.01, Ramsey County, Minnesota",27123030601,6067,990,1078,85,2957,0,537,420,16.31778474,17.76825449,1.401021922,48.73908027,0,8.851162024,6.922696555
1400000US27123030602,"Census Tract 306.02, Ramsey County, Minnesota",27123030602,4395,2009,382,38,1416,6,187,357,45.71103527,8.691695108,0.864618885,32.21843003,0.136518771,4.25483504,8.122866894
1400000US27123030702,"Census Tract 307.02, Ramsey County, Minnesota",27123030702,5651,2310,449,56,2104,2,320,410,40.87772076,7.945496372,0.990975049,37.23234826,0.035391966,5.662714564,7.255353035
1400000US27123030703,"Census Tract 307.03, Ramsey County, Minnesota",27123030703,4702,1473,329,33,2292,0,277,298,31.32709485,6.997022544,0.701829009,48.7452148,0,5.891110166,6.337728626
1400000US27123030704,"Census Tract 307.04, Ramsey County, Minnesota",27123030704,4756,1213,820,49,1859,1,417,397,25.50462574,17.24137931,1.030277544,39.08746846,0.021026072,8.767872161,8.347350715
1400000US27123030800,"Census Tract 308, Ramsey County, Minnesota",27123030800,5632,1632,810,70,2392,1,342,385,28.97727273,14.38210227,1.242897727,42.47159091,0.017755682,6.072443182,6.8359375
1400000US27123030900,"Census Tract 309, Ramsey County, Minnesota",27123030900,3808,977,723,60,1510,1,246,291,25.65651261,18.98634454,1.575630252,39.65336134,0.026260504,6.460084034,7.641806723
1400000US27123031000,"Census Tract 310, Ramsey County, Minnesota",27123031000,4657,1158,825,68,1876,0,353,377,24.86579343,17.71526734,1.46016749,40.28344428,0,7.579987116,8.095340348
1400000US27123031100,"Census Tract 311, Ramsey County, Minnesota",27123031100,4423,1832,474,38,1511,0,242,326,41.41985078,10.71670812,0.859145376,34.16233326,0,5.471399503,7.370562966
1400000US27123031200,"Census Tract 312, Ramsey County, Minnesota",27123031200,2991,1779,543,25,238,0,105,301,59.47843531,18.15446339,0.835840856,7.957204948,0,3.510531595,10.06352391
1400000US27123031300,"Census Tract 313, Ramsey County, Minnesota",27123031300,2441,601,607,40,840,0,136,217,24.62105694,24.86685785,1.638672675,34.41212618,0,5.571487095,8.889799263
1400000US27123031400,"Census Tract 314, Ramsey County, Minnesota",27123031400,3114,852,778,40,949,0,283,212,27.36030829,24.98394348,1.284521516,30.47527296,0,9.087989724,6.807964033
1400000US27123031500,"Census Tract 315, Ramsey County, Minnesota",27123031500,3136,583,919,84,1101,0,248,201,18.59056122,29.30484694,2.678571429,35.10841837,0,7.908163265,6.409438776
1400000US27123031600,"Census Tract 316, Ramsey County, Minnesota",27123031600,4573,1025,655,102,2082,1,408,300,22.41417013,14.3232014,2.230483271,45.52809972,0.021867483,8.921933086,6.560244916
1400000US27123031701,"Census Tract 317.01, Ramsey County, Minnesota",27123031701,2954,723,547,50,1161,1,234,238,24.47528775,18.51726473,1.692620176,39.30264049,0.033852404,7.921462424,8.056872038
1400000US27123031702,"Census Tract 317.02, Ramsey County, Minnesota",27123031702,6380,1150,1862,124,2208,2,541,493,18.02507837,29.18495298,1.943573668,34.60815047,0.031347962,8.479623824,7.727272727
1400000US27123031801,"Census Tract 318.01, Ramsey County, Minnesota",27123031801,5330,1606,694,66,1903,1,634,426,30.13133208,13.0206379,1.238273921,35.70356473,0.018761726,11.89493433,7.99249531
1400000US27123031802,"Census Tract 318.02, Ramsey County, Minnesota",27123031802,4422,1974,391,49,1220,1,389,398,44.64043419,8.842152872,1.108095884,27.5893261,0.022614202,8.796924469,9.000452284
1400000US27123031900,"Census Tract 319, Ramsey County, Minnesota",27123031900,3169,1621,857,28,398,1,53,211,51.1517829,27.0432313,0.883559482,12.55916693,0.031555696,1.672451878,6.658251814
1400000US27123032000,"Census Tract 320, Ramsey County, Minnesota",27123032000,2767,1859,462,32,74,1,91,248,67.18467654,16.69678352,1.15648717,2.674376581,0.036140224,3.28876039,8.962775569
1400000US27123032100,"Census Tract 321, Ramsey County, Minnesota",27123032100,3190,1930,693,80,158,2,122,205,60.5015674,21.72413793,2.507836991,4.952978056,0.062695925,3.824451411,6.426332288
1400000US27123032200,"Census Tract 322, Ramsey County, Minnesota",27123032200,2557,1788,338,31,131,0,54,215,69.92569417,13.21861557,1.212358232,5.12319124,0,2.111849824,8.408290966
1400000US27123032300,"Census Tract 323, Ramsey County, Minnesota",27123032300,3589,2247,699,37,171,1,79,355,62.60796879,19.47617721,1.030927835,4.764558373,0.027862914,2.201170242,9.891334634
1400000US27123032400,"Census Tract 324, Ramsey County, Minnesota",27123032400,3010,920,1056,43,603,1,147,240,30.56478405,35.08305648,1.428571429,20.03322259,0.033222591,4.88372093,7.973421927
1400000US27123032500,"Census Tract 325, Ramsey County, Minnesota",27123032500,4301,1076,1338,51,1178,3,218,437,25.01743781,31.10904441,1.185770751,27.38897931,0.069751221,5.0685887,10.16042781
1400000US27123032600,"Census Tract 326, Ramsey County, Minnesota",27123032600,3319,551,863,72,1378,5,222,228,16.60138596,26.00180777,2.169328111,41.51852968,0.150647785,6.688761675,6.869539018
1400000US27123032700,"Census Tract 327, Ramsey County, Minnesota",27123032700,2776,425,800,24,1213,1,101,212,15.30979827,28.8184438,0.864553314,43.69596542,0.036023055,3.63832853,7.636887608
1400000US27123033000,"Census Tract 330, Ramsey County, Minnesota",27123033000,2302,613,754,42,585,2,127,179,26.62901825,32.75412685,1.824500434,25.41268462,0.086880973,5.51694179,7.775847089
1400000US27123033100,"Census Tract 331, Ramsey County, Minnesota",27123033100,1816,697,329,28,475,0,144,143,38.38105727,18.11674009,1.54185022,26.15638767,0,7.929515419,7.874449339
1400000US27123033200,"Census Tract 332, Ramsey County, Minnesota",27123033200,4009,2476,793,26,360,3,99,252,61.76103767,19.78049389,0.648540783,8.97979546,0.074831629,2.469443752,6.285856822
1400000US27123033300,"Census Tract 333, Ramsey County, Minnesota",27123033300,3178,2492,168,22,105,23,126,242,78.41409692,5.286343612,0.692259283,3.303964758,0.723725614,3.964757709,7.614852108
1400000US27123033400,"Census Tract 334, Ramsey County, Minnesota",27123033400,3519,1831,1131,31,247,1,73,205,52.03182722,32.13981245,0.880932083,7.0190395,0.028417164,2.07445297,5.825518613
1400000US27123033500,"Census Tract 335, Ramsey County, Minnesota",27123033500,3435,685,1845,22,437,1,126,319,19.94177584,53.71179039,0.640465793,12.72197962,0.029112082,3.668122271,9.286754003
1400000US27123033600,"Census Tract 336, Ramsey County, Minnesota",27123033600,1602,73,1287,3,169,0,7,63,4.556803995,80.33707865,0.187265918,10.54931336,0,0.436953808,3.93258427
1400000US27123033700,"Census Tract 337, Ramsey County, Minnesota",27123033700,1786,317,930,19,288,7,135,90,17.74916013,52.07166853,1.063829787,16.12541993,0.39193729,7.558790594,5.039193729
1400000US27123033800,"Census Tract 338, Ramsey County, Minnesota",27123033800,1827,893,608,18,85,0,38,185,48.87794198,33.2785988,0.985221675,4.652435687,0,2.079912425,10.12588944
1400000US27123033900,"Census Tract 339, Ramsey County, Minnesota",27123033900,1584,753,573,7,106,3,31,111,47.53787879,36.17424242,0.441919192,6.691919192,0.189393939,1.957070707,7.007575758
1400000US27123034000,"Census Tract 340, Ramsey County, Minnesota",27123034000,1742,1215,328,18,40,0,29,112,69.74741676,18.82893226,1.033295063,2.296211251,0,1.664753157,6.429391504
1400000US27123034201,"Census Tract 342.01, Ramsey County, Minnesota",27123034201,3574,2504,467,59,207,2,71,264,70.06155568,13.06659205,1.650811416,5.791829882,0.055959709,1.98656967,7.386681589
1400000US27123034203,"Census Tract 342.03, Ramsey County, Minnesota",27123034203,2850,1857,545,31,176,1,61,179,65.15789474,19.12280702,1.087719298,6.175438596,0.035087719,2.140350877,6.280701754
1400000US27123034204,"Census Tract 342.04, Ramsey County, Minnesota",27123034204,2871,1788,641,56,161,3,66,156,62.27795193,22.32671543,1.950539882,5.60780216,0.104493208,2.298850575,5.433646813
1400000US27123034400,"Census Tract 344, Ramsey County, Minnesota",27123034400,2198,996,464,34,345,0,129,230,45.31392175,21.11010009,1.546860783,15.69608735,0,5.868971793,10.46405823
1400000US27123034500,"Census Tract 345, Ramsey County, Minnesota",27123034500,4303,1415,777,49,1329,0,307,426,32.88403439,18.05716942,1.138740414,30.88542877,0,7.134557286,9.900069719
1400000US27123034601,"Census Tract 346.01, Ramsey County, Minnesota",27123034601,5714,1882,858,53,2209,0,319,393,32.93664683,15.01575079,0.927546377,38.65943297,0,5.582779139,6.877843892
1400000US27123034602,"Census Tract 346.02, Ramsey County, Minnesota",27123034602,4609,1220,412,63,2013,0,560,341,26.4699501,8.939032328,1.366890866,43.67541766,0,12.15014103,7.398568019
1400000US27123034701,"Census Tract 347.01, Ramsey County, Minnesota",27123034701,4804,1496,789,50,1631,1,433,404,31.14071607,16.42381349,1.040799334,33.95087427,0.020815987,9.013322231,8.409658618
1400000US27123034702,"Census Tract 347.02, Ramsey County, Minnesota",27123034702,4274,1537,705,52,1282,1,330,367,35.96162845,16.49508657,1.216658868,29.99532054,0.023397286,7.721104352,8.586803931
1400000US27123034900,"Census Tract 349, Ramsey County, Minnesota",27123034900,5355,4714,121,6,203,2,126,183,88.02987862,2.259570495,0.112044818,3.790849673,0.037348273,2.352941176,3.417366947
1400000US27123035000,"Census Tract 350, Ramsey County, Minnesota",27123035000,2610,2263,72,9,69,3,32,162,86.70498084,2.75862069,0.344827586,2.643678161,0.114942529,1.22605364,6.206896552
1400000US27123035100,"Census Tract 351, Ramsey County, Minnesota",27123035100,3456,2680,145,9,316,7,68,231,77.5462963,4.195601852,0.260416667,9.143518519,0.202546296,1.967592593,6.684027778
1400000US27123035200,"Census Tract 352, Ramsey County, Minnesota",27123035200,3414,2907,99,7,124,2,32,243,85.14938489,2.899824253,0.205038079,3.632103105,0.058582308,0.93731693,7.117750439
1400000US27123035300,"Census Tract 353, Ramsey County, Minnesota",27123035300,3950,3090,321,18,122,5,80,314,78.2278481,8.126582278,0.455696203,3.088607595,0.126582278,2.025316456,7.949367089
1400000US27123035500,"Census Tract 355, Ramsey County, Minnesota",27123035500,2292,1905,135,19,54,2,26,151,83.11518325,5.890052356,0.828970332,2.356020942,0.087260035,1.134380454,6.588132635
1400000US27123035700,"Census Tract 357, Ramsey County, Minnesota",27123035700,2560,2202,44,8,82,0,26,198,86.015625,1.71875,0.3125,3.203125,0,1.015625,7.734375
1400000US27123035800,"Census Tract 358, Ramsey County, Minnesota",27123035800,3052,2601,132,9,62,1,47,200,85.22280472,4.325032765,0.294888598,2.031454784,0.0327654,1.539973788,6.553079948
1400000US27123035900,"Census Tract 359, Ramsey County, Minnesota",27123035900,898,582,123,14,87,0,20,72,64.81069042,13.69710468,1.559020045,9.688195991,0,2.227171492,8.017817372
1400000US27123036000,"Census Tract 360, Ramsey County, Minnesota",27123036000,2781,1941,435,29,92,1,88,195,69.79503776,15.64185545,1.042790363,3.308162531,0.035958288,3.164329378,7.011866235
1400000US27123036100,"Census Tract 361, Ramsey County, Minnesota",27123036100,1607,351,436,45,394,0,210,171,21.84194151,27.13130056,2.800248911,24.51773491,0,13.06782825,10.64094586
1400000US27123036300,"Census Tract 363, Ramsey County, Minnesota",27123036300,4087,3533,95,15,168,5,37,234,86.44482506,2.324443357,0.367017372,4.110594568,0.122339124,0.905309518,5.725471006
1400000US27123036400,"Census Tract 364, Ramsey County, Minnesota",27123036400,4013,3429,136,20,122,0,60,246,85.44729629,3.388985796,0.498380264,3.040119611,0,1.495140792,6.130077249
1400000US27123036500,"Census Tract 365, Ramsey County, Minnesota",27123036500,3985,3377,132,32,177,4,38,225,84.74278545,3.312421581,0.803011292,4.441656211,0.100376412,0.95357591,5.646173149
1400000US27123036600,"Census Tract 366, Ramsey County, Minnesota",27123036600,4449,3847,103,13,113,1,69,303,86.46886941,2.315126995,0.292200494,2.539896606,0.022476961,1.550910317,6.810519218
1400000US27123036700,"Census Tract 367, Ramsey County, Minnesota",27123036700,5135,3967,412,55,207,1,109,384,77.25413827,8.023369036,1.071080818,4.031158715,0.019474197,2.122687439,7.478091529
1400000US27123036800,"Census Tract 368, Ramsey County, Minnesota",27123036800,2344,1763,178,28,68,3,90,214,75.21331058,7.593856655,1.194539249,2.901023891,0.127986348,3.839590444,9.129692833
1400000US27123036900,"Census Tract 369, Ramsey County, Minnesota",27123036900,2392,1758,255,27,71,1,68,212,73.49498328,10.66053512,1.128762542,2.968227425,0.04180602,2.842809365,8.862876254
1400000US27123037000,"Census Tract 370, Ramsey County, Minnesota",27123037000,2841,2065,160,36,71,0,175,334,72.68567406,5.631819782,1.267159451,2.499120028,0,6.159802886,11.75642379
1400000US27123037100,"Census Tract 371, Ramsey County, Minnesota",27123037100,5073,2692,1021,121,259,0,440,540,53.06524739,20.12615809,2.385176424,5.10546028,0,8.673368815,10.644589
1400000US27123037200,"Census Tract 372, Ramsey County, Minnesota",27123037200,6061,2588,1021,140,289,2,1183,838,42.69922455,16.84540505,2.30984986,4.768190068,0.032997855,19.51823131,13.8261013
1400000US27123037402,"Census Tract 374.02, Ramsey County, Minnesota",27123037402,4128,1759,705,24,1146,1,157,336,42.61143411,17.07848837,0.581395349,27.76162791,0.024224806,3.803294574,8.139534884
1400000US27123037403,"Census Tract 374.03, Ramsey County, Minnesota",27123037403,6832,2584,2382,34,1183,0,189,460,37.82201405,34.86533958,0.49765808,17.31557377,0,2.766393443,6.733021077
1400000US27123037500,"Census Tract 375, Ramsey County, Minnesota",27123037500,5286,4021,560,18,212,3,75,397,76.06886114,10.59402194,0.340522134,4.010594022,0.056753689,1.418842225,7.510404843
1400000US27123037601,"Census Tract 376.01, Ramsey County, Minnesota",27123037601,4165,3257,361,23,163,3,94,264,78.19927971,8.667466987,0.552220888,3.913565426,0.072028812,2.256902761,6.338535414
1400000US27123037603,"Census Tract 376.03, Ramsey County, Minnesota",27123037603,3105,979,1586,20,86,1,188,245,31.52979066,51.07890499,0.644122383,2.769726248,0.032206119,6.054750403,7.890499195
1400000US27123037604,"Census Tract 376.04, Ramsey County, Minnesota",27123037604,2373,1384,634,9,111,0,54,181,58.32279815,26.71723557,0.379266751,4.677623262,0,2.275600506,7.627475769
1400000US27123040101,"Census Tract 401.01, Ramsey County, Minnesota",27123040101,2877,2515,42,10,102,0,35,173,87.41744873,1.459854015,0.347584289,3.54535975,0,1.216545012,6.013208203
1400000US27123040102,"Census Tract 401.02, Ramsey County, Minnesota",27123040102,4124,3745,23,3,86,4,44,219,90.80989331,0.55771096,0.072744908,2.085354025,0.09699321,1.066925315,5.310378274
1400000US27123040200,"Census Tract 402, Ramsey County, Minnesota",27123040200,1920,1795,9,9,20,2,3,82,93.48958333,0.46875,0.46875,1.041666667,0.104166667,0.15625,4.270833333
1400000US27123040301,"Census Tract 403.01, Ramsey County, Minnesota",27123040301,1803,1606,13,19,51,0,19,95,89.07376595,0.721020521,1.053799224,2.828618968,0,1.053799224,5.268996118
1400000US27123040302,"Census Tract 403.02, Ramsey County, Minnesota",27123040302,5250,4366,190,26,279,5,86,298,83.16190476,3.619047619,0.495238095,5.314285714,0.095238095,1.638095238,5.676190476
1400000US27123040401,"Census Tract 404.01, Ramsey County, Minnesota",27123040401,3577,2916,165,17,157,1,60,261,81.52082751,4.612804026,0.475258597,4.389152921,0.027956388,1.677383282,7.296617277
1400000US27123040402,"Census Tract 404.02, Ramsey County, Minnesota",27123040402,5987,4508,435,33,399,0,219,393,75.2964757,7.265742442,0.551194254,6.664439619,0,3.657925505,6.564222482
1400000US27123040502,"Census Tract 405.02, Ramsey County, Minnesota",27123040502,2612,2261,89,15,56,0,40,151,86.56202144,3.407350689,0.574272588,2.143950995,0,1.531393568,5.78101072
1400000US27123040503,"Census Tract 405.03, Ramsey County, Minnesota",27123040503,3572,3009,131,11,151,1,67,202,84.23852184,3.667413214,0.307950728,4.227323628,0.027995521,1.875699888,5.655095185
1400000US27123040504,"Census Tract 405.04, Ramsey County, Minnesota",27123040504,4110,3391,142,14,256,1,91,215,82.50608273,3.454987835,0.340632603,6.228710462,0.0243309,2.214111922,5.231143552
1400000US27123040601,"Census Tract 406.01, Ramsey County, Minnesota",27123040601,5859,5046,46,8,449,0,29,281,86.12391193,0.785116914,0.136542072,7.663423792,0,0.494965011,4.79604028
1400000US27123040603,"Census Tract 406.03, Ramsey County, Minnesota",27123040603,5177,4298,154,13,347,2,73,290,83.02105466,2.97469577,0.251110682,6.702723585,0.038632413,1.41008306,5.601699826
1400000US27123040605,"Census Tract 406.05, Ramsey County, Minnesota",27123040605,3527,2791,93,5,380,0,60,198,79.13240714,2.636801815,0.141763538,10.77402892,0,1.701162461,5.613836121
1400000US27123040606,"Census Tract 406.06, Ramsey County, Minnesota",27123040606,4208,2546,593,19,647,0,123,280,60.50380228,14.09220532,0.451520913,15.37547529,0,2.923003802,6.653992395
1400000US27123040704,"Census Tract 407.04, Ramsey County, Minnesota",27123040704,6045,4506,336,27,697,0,64,415,74.54094293,5.558312655,0.446650124,11.53019024,0,1.05872622,6.865177833
1400000US27123040705,"Census Tract 407.05, Ramsey County, Minnesota",27123040705,4278,3194,151,17,558,9,75,274,74.66105657,3.52968677,0.397381954,13.04347826,0.210378682,1.75315568,6.404862085
1400000US27123040706,"Census Tract 407.06, Ramsey County, Minnesota",27123040706,4876,3863,115,16,548,0,59,275,79.22477441,2.358490566,0.328137818,11.23872026,0,1.210008203,5.639868745
1400000US27123040707,"Census Tract 407.07, Ramsey County, Minnesota",27123040707,4555,3875,81,15,293,0,49,242,85.07135016,1.778265642,0.329308452,6.432491767,0,1.075740944,5.31284303
1400000US27123040708,"Census Tract 407.08, Ramsey County, Minnesota",27123040708,3751,2850,233,9,414,1,51,193,75.97973874,6.211676886,0.239936017,11.03705678,0.026659557,1.35963743,5.145294588
1400000US27123040709,"Census Tract 407.09, Ramsey County, Minnesota",27123040709,3416,2884,68,14,251,0,25,174,84.42622951,1.990632319,0.409836066,7.347775176,0,0.731850117,5.093676815
1400000US27123040801,"Census Tract 408.01, Ramsey County, Minnesota",27123040801,3587,2530,96,13,398,1,317,232,70.53247839,2.676331196,0.362419849,11.09562308,0.02787845,8.837468637,6.46780039
1400000US27123040804,"Census Tract 408.04, Ramsey County, Minnesota",27123040804,2111,1830,39,4,85,0,7,146,86.68877309,1.847465656,0.189483657,4.026527712,0,0.3315964,6.916153482
1400000US27123040805,"Census Tract 408.05, Ramsey County, Minnesota",27123040805,4241,3676,88,7,147,3,53,267,86.67767036,2.074982315,0.165055411,3.466163641,0.070738033,1.249705258,6.29568498
1400000US27123040901,"Census Tract 409.01, Ramsey County, Minnesota",27123040901,2223,1573,150,14,242,2,82,160,70.76023392,6.747638327,0.629779577,10.88618983,0.089968511,3.688708952,7.197480882
1400000US27123040902,"Census Tract 409.02, Ramsey County, Minnesota",27123040902,4286,2483,453,57,401,14,482,396,57.93280448,10.56929538,1.329911339,9.35604293,0.32664489,11.24591694,9.239384041
1400000US27123041001,"Census Tract 410.01, Ramsey County, Minnesota",27123041001,3461,2707,280,14,205,0,65,190,78.2143889,8.090147356,0.404507368,5.9231436,0,1.878069922,5.489742849
1400000US27123041002,"Census Tract 410.02, Ramsey County, Minnesota",27123041002,3484,2326,412,20,377,3,114,232,66.76234214,11.82548794,0.574052813,10.82089552,0.086107922,3.272101033,6.659012629
1400000US27123041103,"Census Tract 411.03, Ramsey County, Minnesota",27123041103,3645,2160,765,23,369,0,95,233,59.25925926,20.98765432,0.631001372,10.12345679,0,2.606310014,6.392318244
1400000US27123041104,"Census Tract 411.04, Ramsey County, Minnesota",27123041104,3157,2440,185,3,273,2,41,213,77.28856509,5.859993665,0.095026924,8.647450111,0.063351283,1.298701299,6.746911625
1400000US27123041105,"Census Tract 411.05, Ramsey County, Minnesota",27123041105,5961,4670,355,15,457,3,83,378,78.34255997,5.955376615,0.251635632,7.66649891,0.050327126,1.392383828,6.341217916
1400000US27123041106,"Census Tract 411.06, Ramsey County, Minnesota",27123041106,3889,2763,425,14,335,0,100,252,71.04654153,10.92825919,0.359989715,8.614039599,0,2.571355104,6.479814862
1400000US27123041107,"Census Tract 411.07, Ramsey County, Minnesota",27123041107,6242,4020,922,46,493,4,278,479,64.40243512,14.77090676,0.736943287,7.89810958,0.064082025,4.453700737,7.673822493
1400000US27123041200,"Census Tract 412, Ramsey County, Minnesota",27123041200,4205,2463,885,31,221,1,216,388,58.57312723,21.04637337,0.737217598,5.255648038,0.023781213,5.136741974,9.227110583
1400000US27123041301,"Census Tract 413.01, Ramsey County, Minnesota",27123041301,3859,2623,493,15,367,1,97,263,67.97097694,12.7753304,0.388701736,9.510235812,0.025913449,2.513604561,6.815237108
1400000US27123041302,"Census Tract 413.02, Ramsey County, Minnesota",27123041302,4232,3463,215,37,245,4,43,225,81.8289225,5.080340265,0.874291115,5.789224953,0.094517958,1.016068053,5.316635161
1400000US27123041400,"Census Tract 414, Ramsey County, Minnesota",27123041400,5817,3940,765,41,448,0,224,399,67.73250817,13.15110882,0.704830669,7.70156438,0,3.85078219,6.859205776
1400000US27123041500,"Census Tract 415, Ramsey County, Minnesota",27123041500,5392,4392,242,19,361,1,66,311,81.45400593,4.488130564,0.352373887,6.695103858,0.018545994,1.224035608,5.767804154
1400000US27123041601,"Census Tract 416.01, Ramsey County, Minnesota",27123041601,6235,4468,625,33,591,2,131,385,71.65998396,10.02405774,0.529270249,9.478748998,0.032076985,2.101042502,6.174819567
1400000US27123041602,"Census Tract 416.02, Ramsey County, Minnesota",27123041602,3836,2123,408,26,897,6,161,215,55.34410845,10.63607925,0.677789364,23.38373306,0.15641293,4.197080292,5.604796663
1400000US27123041700,"Census Tract 417, Ramsey County, Minnesota",27123041700,2978,2393,128,14,171,2,54,216,80.35594359,4.298186702,0.470114171,5.742108798,0.067159167,1.813297515,7.25319006
1400000US27123041800,"Census Tract 418, Ramsey County, Minnesota",27123041800,3905,2790,336,25,370,8,89,287,71.446863,8.604353393,0.640204866,9.47503201,0.204865557,2.279129321,7.349551857
1400000US27123041900,"Census Tract 419, Ramsey County, Minnesota",27123041900,3503,2613,421,14,186,0,52,217,74.59320582,12.01827005,0.399657436,5.309734513,0,1.484441907,6.194690265
1400000US27123042001,"Census Tract 420.01, Ramsey County, Minnesota",27123042001,1866,1062,122,15,503,0,26,138,56.91318328,6.538049303,0.803858521,26.95605573,0,1.39335477,7.395498392
1400000US27123042002,"Census Tract 420.02, Ramsey County, Minnesota",27123042002,2271,1580,222,12,265,0,57,135,69.57287539,9.775429326,0.528401585,11.66886834,0,2.50990753,5.944517834
1400000US27123042101,"Census Tract 421.01, Ramsey County, Minnesota",27123042101,6052,3486,701,64,873,0,473,455,57.60079313,11.58294779,1.057501652,14.42498348,0,7.815598149,7.51817581
1400000US27123042102,"Census Tract 421.02, Ramsey County, Minnesota",27123042102,4747,2955,425,18,858,3,155,333,62.24984201,8.953022962,0.379186855,18.07457341,0.063197809,3.265220139,7.014956815
1400000US27123042201,"Census Tract 422.01, Ramsey County, Minnesota",27123042201,1504,760,118,2,446,0,75,103,50.53191489,7.845744681,0.132978723,29.65425532,0,4.986702128,6.848404255
1400000US27123042202,"Census Tract 422.02, Ramsey County, Minnesota",27123042202,5351,2834,591,53,1364,1,153,355,52.96206317,11.04466455,0.990469071,25.49056251,0.018688096,2.85927864,6.634273967
1400000US27123042301,"Census Tract 423.01, Ramsey County, Minnesota",27123042301,3059,2011,175,17,622,0,88,146,65.74043805,5.720823799,0.555737169,20.3334423,0,2.87675711,4.772801569
1400000US27123042302,"Census Tract 423.02, Ramsey County, Minnesota",27123042302,5246,2875,474,30,1296,0,208,363,54.80365993,9.035455585,0.571864278,24.70453679,0,3.964925658,6.919557758
1400000US27123042401,"Census Tract 424.01, Ramsey County, Minnesota",27123042401,6482,3755,849,39,1147,2,181,509,57.92965134,13.09780932,0.601666152,17.69515582,0.030854674,2.792348041,7.852514656
1400000US27123042402,"Census Tract 424.02, Ramsey County, Minnesota",27123042402,6649,3715,991,48,1174,9,251,461,55.87306362,14.90449692,0.72191307,17.65679049,0.135358701,3.77500376,6.93337344
1400000US27123042501,"Census Tract 425.01, Ramsey County, Minnesota",27123042501,5965,3361,590,39,852,5,683,435,56.34534786,9.891031014,0.653813915,14.28331936,0.083822297,11.45012573,7.292539816
1400000US27123042503,"Census Tract 425.03, Ramsey County, Minnesota",27123042503,3248,2335,193,4,433,0,80,203,71.89039409,5.942118227,0.123152709,13.33128079,0,2.463054187,6.25
1400000US27123042504,"Census Tract 425.04, Ramsey County, Minnesota",27123042504,4248,2429,690,37,633,8,144,307,57.17984934,16.24293785,0.870998117,14.90112994,0.188323917,3.389830508,7.22693032
1400000US27123042601,"Census Tract 426.01, Ramsey County, Minnesota",27123042601,4647,2727,558,26,801,0,162,373,58.6830213,12.00774693,0.559500753,17.23692705,0,3.486120077,8.026683882
1400000US27123042602,"Census Tract 426.02, Ramsey County, Minnesota",27123042602,2292,1798,108,18,179,0,25,164,78.44677138,4.712041885,0.785340314,7.809773124,0,1.090750436,7.155322862
1400000US27123042700,"Census Tract 427, Ramsey County, Minnesota",27123042700,5425,3397,530,38,898,0,174,388,62.61751152,9.769585253,0.700460829,16.55299539,0,3.207373272,7.152073733
1400000US27123042800,"Census Tract 428, Ramsey County, Minnesota",27123042800,2513,460,1016,14,811,0,46,166,18.30481496,40.42976522,0.557103064,32.27218464,0,1.830481496,6.605650617
1400000US27123042900,"Census Tract 429, Ramsey County, Minnesota",27123042900,3989,2998,480,22,142,6,47,294,75.15668087,12.033091,0.551516671,3.559789421,0.150413638,1.17824016,7.370268238
1400000US27123043001,"Census Tract 430.01, Ramsey County, Minnesota",27123043001,4574,3980,113,17,136,0,56,272,87.01355488,2.470485352,0.371665938,2.973327503,0,1.224311325,5.946655007
1400000US27123043002,"Census Tract 430.02, Ramsey County, Minnesota",27123043002,2003,1728,42,10,77,0,27,119,86.27059411,2.096854718,0.499251123,3.84423365,0,1.347978033,5.941088367
1400000US27123980000,"Census Tract 9800, Ramsey County, Minnesota",27123980000,0,0,0,0,0,0,0,0,#DIV/0!,#DIV/0!,#DIV/0!,#DIV/0!,#DIV/0!,#DIV/0!,#DIV/0!
