STATEFP,COUNTYFP,TRACTCE,GEOID,NAME,NAMELSAD,MTFCC,FUNCSTAT,ALAND,AWATER,INTPTLAT,INTPTLON,Shape_Length,Shape_Area
27,053,111100,27053111100,1111,Census Tract 1111,G5020,S,2113228.000000000000000,216827.000000000000000,+44.9210857,-093.2406928,0.084256341923023,0.000265554573020
27,053,111200,27053111200,1112,Census Tract 1112,G5020,S,1129921.000000000000000,0.000000000000000,+44.9115973,-093.3239407,0.045671273006533,0.000128754995792
27,053,111300,27053111300,1113,Census Tract 1113,G5020,S,1776103.000000000000000,0.000000000000000,+44.9072985,-093.3093354,0.062768973801502,0.000202373739666
27,053,111400,27053111400,1114,Census Tract 1114,G5020,S,1439830.000000000000000,0.000000000000000,+44.9080472,-093.2941751,0.060413146881551,0.000164060287790
27,053,111500,27053111500,1115,Census Tract 1115,G5020,S,2187487.000000000000000,0.000000000000000,+44.9068451,-093.2815727,0.065419516683217,0.000249245697873
27,053,111600,27053111600,1116,Census Tract 1116,G5020,S,1335477.000000000000000,0.000000000000000,+44.9097606,-093.2686613,0.049770706256094,0.000152173516249
27,053,122500,27053122500,1225,Census Tract 1225,G5020,S,1863743.000000000000000,26238.000000000000000,+44.9430151,-093.3744773,0.071073921071891,0.000215469152896
27,053,122600,27053122600,1226,Census Tract 1226,G5020,S,1314095.000000000000000,0.000000000000000,+44.9439211,-093.3640444,0.049712765077006,0.000149825967376
27,053,125500,27053125500,1255,Census Tract 1255,G5020,S,3998744.000000000000000,14576.000000000000000,+44.8453252,-093.2904665,0.097751755630087,0.000456807923778
27,053,022902,27053022902,229.02,Census Tract 229.02,G5020,S,834815.000000000000000,6186.000000000000000,+44.9243410,-093.3449750,0.045257013501515,0.000095854103385
27,053,027203,27053027203,272.03,Census Tract 272.03,G5020,S,4405610.000000000000000,6697904.000000000000000,+44.9330916,-093.6040892,0.192727703144372,0.001265732921115
27,053,027601,27053027601,276.01,Census Tract 276.01,G5020,S,2668283.000000000000000,1946085.000000000000000,+44.9458840,-093.6590025,0.120591735111967,0.000526094043062
27,053,027602,27053027602,276.02,Census Tract 276.02,G5020,S,4741564.000000000000000,3797582.000000000000000,+44.9196159,-093.6590185,0.163422068059268,0.000973305420580
27,053,100200,27053100200,1002,Census Tract 1002,G5020,S,1505081.000000000000000,22513.000000000000000,+45.0360622,-093.3059772,0.088979623247985,0.000174444129243
27,053,100400,27053100400,1004,Census Tract 1004,G5020,S,1827015.000000000000000,114675.000000000000000,+45.0285888,-093.2950795,0.077584217380259,0.000221699953461
27,053,100500,27053100500,1005,Census Tract 1005,G5020,S,3028726.000000000000000,240592.000000000000000,+45.0258747,-093.2709248,0.085238983260383,0.000373273478329
27,053,100900,27053100900,1009,Census Tract 1009,G5020,S,1805013.000000000000000,112169.000000000000000,+45.0175949,-093.2872546,0.062863784042920,0.000218865867348
27,053,102100,27053102100,1021,Census Tract 1021,G5020,S,720815.000000000000000,0.000000000000000,+45.0029042,-093.3003574,0.039062740628144,0.000082266466592
27,053,102600,27053102600,1026,Census Tract 1026,G5020,S,2548683.000000000000000,2999.000000000000000,+45.0031492,-093.2279819,0.117336670073955,0.000291219018769
27,053,102800,27053102800,1028,Census Tract 1028,G5020,S,861531.000000000000000,0.000000000000000,+44.9961052,-093.3031612,0.043636827846258,0.000098315052069
27,053,103000,27053103000,1030,Census Tract 1030,G5020,S,845558.000000000000000,176513.000000000000000,+44.9954229,-093.2676738,0.057238152760575,0.000116633320954
27,053,103100,27053103100,1031,Census Tract 1031,G5020,S,525555.000000000000000,0.000000000000000,+44.9956180,-093.2527480,0.030835381715232,0.000059973894938
27,053,103400,27053103400,1034,Census Tract 1034,G5020,S,957947.000000000000000,5800.000000000000000,+44.9859764,-093.2935430,0.050118284307946,0.000109960632648
27,053,103600,27053103600,1036,Census Tract 1036,G5020,S,778208.000000000000000,152202.000000000000000,+44.9887830,-093.2596261,0.057072484299823,0.000106162527211
27,053,103700,27053103700,1037,Census Tract 1037,G5020,S,820085.000000000000000,93489.000000000000000,+44.9871608,-093.2508516,0.051682486203926,0.000104237083262
27,053,104100,27053104100,1041,Census Tract 1041,G5020,S,1458748.000000000000000,12990.000000000000000,+44.9803177,-093.3038342,0.077130769690431,0.000167905526518
27,053,104400,27053104400,1044,Census Tract 1044,G5020,S,788033.000000000000000,0.000000000000000,+44.9747429,-093.2742798,0.044512107209084,0.000089894490712
27,053,105100,27053105100,1051,Census Tract 1051,G5020,S,3058251.000000000000000,53841.000000000000000,+44.9726602,-093.3140888,0.113385694442208,0.000354995044903
27,053,105400,27053105400,1054,Census Tract 1054,G5020,S,547188.000000000000000,0.000000000000000,+44.9711000,-093.2631777,0.035511033477680,0.000062416053554
27,053,105500,27053105500,1055,Census Tract 1055,G5020,S,1516018.000000000000000,10286.000000000000000,+44.9683867,-093.2953883,0.060317781268599,0.000174091208633
27,053,105700,27053105700,1057,Census Tract 1057,G5020,S,271479.000000000000000,0.000000000000000,+44.9646599,-093.2739292,0.023013963241537,0.000030963516849
27,053,106200,27053106200,1062,Census Tract 1062,G5020,S,660985.000000000000000,0.000000000000000,+44.9619936,-093.2404315,0.043451345998525,0.000075385138100
27,053,106500,27053106500,1065,Census Tract 1065,G5020,S,2669354.000000000000000,1185237.000000000000000,+44.9571300,-093.3154949,0.097147011741790,0.000439582936395
27,053,110000,27053110000,1100,Census Tract 1100,G5020,S,447622.000000000000000,0.000000000000000,+44.9304996,-093.2710511,0.028684750115009,0.000051023578322
27,053,105600,27053105600,1056,Census Tract 1056,G5020,S,482387.000000000000000,0.000000000000000,+44.9654171,-093.2831614,0.032098324126205,0.000055019457411
27,053,020902,27053020902,209.02,Census Tract 209.02,G5020,S,1515351.000000000000000,25483.000000000000000,+45.0273048,-093.3619585,0.063057429311559,0.000175927541507
27,053,106600,27053106600,1066,Census Tract 1066,G5020,S,602347.000000000000000,0.000000000000000,+44.9561847,-093.2993403,0.042228622997638,0.000068690861210
27,053,106900,27053106900,1069,Census Tract 1069,G5020,S,507721.000000000000000,0.000000000000000,+44.9590766,-093.2737976,0.030555095213947,0.000057902357476
27,053,107000,27053107000,1070,Census Tract 1070,G5020,S,479106.000000000000000,0.000000000000000,+44.9546343,-093.2829632,0.031101629683861,0.000054634671991
27,053,107400,27053107400,1074,Census Tract 1074,G5020,S,856659.000000000000000,0.000000000000000,+44.9508024,-093.2282459,0.049539536339582,0.000097683027146
27,053,107500,27053107500,1075,Census Tract 1075,G5020,S,1470031.000000000000000,49660.000000000000000,+44.9564869,-093.2291172,0.078795567016183,0.000173302160608
27,053,107600,27053107600,1076,Census Tract 1076,G5020,S,1513214.000000000000000,240293.000000000000000,+44.9475792,-093.2107792,0.061151389755445,0.000199936519188
27,053,108700,27053108700,1087,Census Tract 1087,G5020,S,1116192.000000000000000,0.000000000000000,+44.9399600,-093.2373929,0.049504900308333,0.000127253633510
27,053,108800,27053108800,1088,Census Tract 1088,G5020,S,1304849.000000000000000,0.000000000000000,+44.9423387,-093.2285374,0.052119486615039,0.000148767092583
27,053,108900,27053108900,1089,Census Tract 1089,G5020,S,795194.000000000000000,0.000000000000000,+44.9405882,-093.2196297,0.043639075552194,0.000090658445575
27,053,109000,27053109000,1090,Census Tract 1090,G5020,S,807138.000000000000000,128756.000000000000000,+44.9388096,-093.2082913,0.044207671607289,0.000106694359189
27,053,109100,27053109100,1091,Census Tract 1091,G5020,S,2372276.000000000000000,1689957.000000000000000,+44.9357483,-093.3156827,0.101450894266346,0.000463111055977
27,053,108000,27053108000,1080,Census Tract 1080,G5020,S,683827.000000000000000,0.000000000000000,+44.9444713,-093.3014766,0.038741763211738,0.000077967033773
27,053,109300,27053109300,1093,Census Tract 1093,G5020,S,867191.000000000000000,0.000000000000000,+44.9377163,-093.2813800,0.041772396129404,0.000098861598642
27,053,109700,27053109700,1097,Census Tract 1097,G5020,S,522127.000000000000000,0.000000000000000,+44.9365569,-093.2491923,0.036215565454355,0.000059522321836
27,053,109800,27053109800,1098,Census Tract 1098,G5020,S,1450478.000000000000000,0.000000000000000,+44.9260023,-093.3239612,0.052827419224979,0.000165323952902
27,053,109900,27053109900,1099,Census Tract 1099,G5020,S,2598673.000000000000000,1418644.000000000000000,+44.9330602,-093.2990328,0.114909140560946,0.000457903887898
27,053,110100,27053110100,1101,Census Tract 1101,G5020,S,859695.000000000000000,0.000000000000000,+44.9302123,-093.2482858,0.043355356716913,0.000097994754104
27,053,110200,27053110200,1102,Census Tract 1102,G5020,S,1185377.000000000000000,0.000000000000000,+44.9297317,-093.2345094,0.051907499734507,0.000135116721567
27,123,034400,27123034400,344,Census Tract 344,G5020,S,1421346.000000000000000,177153.000000000000000,+44.9502051,-093.0702256,0.064012002534488,0.000182274859734
27,123,034500,27123034500,345,Census Tract 345,G5020,S,953571.000000000000000,0.000000000000000,+44.9550190,-093.0601736,0.054003894354689,0.000108741361839
27,123,034601,27123034601,346.01,Census Tract 346.01,G5020,S,1990422.000000000000000,5648.000000000000000,+44.9522625,-093.0521516,0.074811391973450,0.000227614803491
27,123,034602,27123034602,346.02,Census Tract 346.02,G5020,S,1585827.000000000000000,0.000000000000000,+44.9570586,-093.0377582,0.059373698609127,0.000180848002855
27,123,034701,27123034701,347.01,Census Tract 347.01,G5020,S,1718220.000000000000000,0.000000000000000,+44.9550088,-093.0242841,0.069402852551729,0.000195938655518
27,123,035100,27123035100,351,Census Tract 351,G5020,S,947085.000000000000000,0.000000000000000,+44.9378119,-093.1746526,0.044641014609637,0.000107969894844
27,123,980000,27123980000,9800,Census Tract 9800,G5020,S,7650555.000000000000000,5063802.000000000000000,+44.9109151,-093.0202337,0.182946772671696,0.001448970973911
27,123,037500,27123037500,375,Census Tract 375,G5020,S,3563259.000000000000000,0.000000000000000,+44.9127520,-093.1710790,0.083335847679625,0.000406044065188
27,123,037601,27123037601,376.01,Census Tract 376.01,G5020,S,2882748.000000000000000,211467.000000000000000,+44.9052684,-093.1881240,0.086606792050104,0.000352558614959
27,123,041302,27123041302,413.02,Census Tract 413.02,G5020,S,8967346.000000000000000,316511.000000000000000,+45.0323690,-093.1899860,0.143705758291775,0.001059931061585
27,123,041400,27123041400,414,Census Tract 414,G5020,S,3933604.000000000000000,387088.000000000000000,+45.0226596,-093.1576171,0.089383876489736,0.000493287956551
27,123,041601,27123041601,416.01,Census Tract 416.01,G5020,S,4223300.000000000000000,128562.000000000000000,+45.0225549,-093.1155851,0.089064495916413,0.000496831089731
27,123,041602,27123041602,416.02,Census Tract 416.02,G5020,S,2629849.000000000000000,335377.000000000000000,+45.0001275,-093.1097785,0.074430464328598,0.000338404908437
27,123,041700,27123041700,417,Census Tract 417,G5020,S,3230421.000000000000000,20997.000000000000000,+45.0021219,-093.1404762,0.077096933648428,0.000371071831597
27,123,041800,27123041800,418,Census Tract 418,G5020,S,2621259.000000000000000,4361.000000000000000,+45.0022457,-093.1553151,0.076996188942465,0.000299659344970
27,123,042001,27123042001,420.01,Census Tract 420.01,G5020,S,3534582.000000000000000,14131.000000000000000,+44.9883259,-093.1812718,0.104739695639509,0.000404902997730
27,123,042002,27123042002,420.02,Census Tract 420.02,G5020,S,1085574.000000000000000,2763.000000000000000,+44.9944072,-093.2031343,0.045738968687816,0.000124192986877
27,123,035200,27123035200,352,Census Tract 352,G5020,S,1104140.000000000000000,0.000000000000000,+44.9404190,-093.1619072,0.045103586752230,0.000125879580100
27,123,035300,27123035300,353,Census Tract 353,G5020,S,1284611.000000000000000,0.000000000000000,+44.9413506,-093.1517102,0.049104597767055,0.000146457132879
27,123,035700,27123035700,357,Census Tract 357,G5020,S,768673.000000000000000,0.000000000000000,+44.9364604,-093.1373039,0.048325694629504,0.000087628222711
27,123,040200,27123040200,402,Census Tract 402,G5020,S,2298795.000000000000000,4688440.000000000000000,+45.0824460,-092.9930064,0.128659809925529,0.000798573745329
27,123,041500,27123041500,415,Census Tract 415,G5020,S,4305434.000000000000000,889165.000000000000000,+45.0278730,-093.1266767,0.120243383465951,0.000593076072414
27,123,030100,27123030100,301,Census Tract 301,G5020,S,2744896.000000000000000,9684.000000000000000,+44.9809342,-093.1922387,0.105073997193394,0.000314258594085
27,123,030601,27123030601,306.01,Census Tract 306.01,G5020,S,1519890.000000000000000,2758.000000000000000,+44.9850436,-093.0811825,0.052541015829314,0.000173726272443
27,123,031300,27123031300,313,Census Tract 313,G5020,S,1096387.000000000000000,0.000000000000000,+44.9678313,-093.1152829,0.055647602980735,0.000125054997871
27,123,034900,27123034900,349,Census Tract 349,G5020,S,1131082.000000000000000,0.000000000000000,+44.9407135,-093.1874748,0.046246760062948,0.000128952004333
27,123,036300,27123036300,363,Census Tract 363,G5020,S,1290570.000000000000000,5546.000000000000000,+44.9253263,-093.1834388,0.049396250185204,0.000147732420848
27,123,032400,27123032400,324,Census Tract 324,G5020,S,1083394.000000000000000,0.000000000000000,+44.9633349,-093.1368803,0.053075143052682,0.000123563321272
27,123,035500,27123035500,355,Census Tract 355,G5020,S,441006.000000000000000,0.000000000000000,+44.9450589,-093.1209931,0.039465286802802,0.000050282083827
27,123,030703,27123030703,307.03,Census Tract 307.03,G5020,S,1283755.000000000000000,12082.000000000000000,+44.9888158,-093.0341778,0.055369342397148,0.000147856483362
27,123,030702,27123030702,307.02,Census Tract 307.02,G5020,S,2405853.000000000000000,8865.000000000000000,+44.9856263,-093.0127893,0.066520501416040,0.000275506960488
27,123,035000,27123035000,350,Census Tract 350,G5020,S,752384.000000000000000,0.000000000000000,+44.9440781,-093.1750778,0.043299287124124,0.000085782905635
27,123,035900,27123035900,359,Census Tract 359,G5020,S,433338.000000000000000,0.000000000000000,+44.9409432,-093.1103806,0.038954337888958,0.000049404013648
27,123,036000,27123036000,360,Census Tract 360,G5020,S,1419557.000000000000000,408787.000000000000000,+44.9316885,-093.1116748,0.074378147635230,0.000208425858988
27,123,036100,27123036100,361,Census Tract 361,G5020,S,4787542.000000000000000,866559.000000000000000,+44.9349205,-093.0611539,0.108904140890615,0.000644543972146
27,123,035800,27123035800,358,Census Tract 358,G5020,S,960204.000000000000000,0.000000000000000,+44.9415151,-093.1192686,0.067852618783518,0.000109472206072
27,123,042102,27123042102,421.02,Census Tract 421.02,G5020,S,4972817.000000000000000,1023021.000000000000000,+45.0270758,-093.0739763,0.116175379142585,0.000684551887558
27,053,027202,27053027202,272.02,Census Tract 272.02,G5020,S,2217338.000000000000000,238939.000000000000000,+44.9832481,-093.5700538,0.122331977515059,0.000280242987175
27,123,036400,27123036400,364,Census Tract 364,G5020,S,1296535.000000000000000,0.000000000000000,+44.9270129,-093.1721143,0.049398127047986,0.000147780228535
27,123,036600,27123036600,366,Census Tract 366,G5020,S,2077631.000000000000000,0.000000000000000,+44.9228611,-093.1518461,0.074085477859504,0.000236793857497
27,123,036700,27123036700,367,Census Tract 367,G5020,S,3003843.000000000000000,195992.000000000000000,+44.9188205,-093.1403190,0.119291625362919,0.000364666539366
27,123,036800,27123036800,368,Census Tract 368,G5020,S,1040535.000000000000000,0.000000000000000,+44.9274047,-093.1322669,0.052569878140685,0.000118602458841
27,123,036900,27123036900,369,Census Tract 369,G5020,S,1390127.000000000000000,82231.000000000000000,+44.9287554,-093.1232707,0.065168918432205,0.000167829819467
27,123,037000,27123037000,370,Census Tract 370,G5020,S,1581670.000000000000000,306059.000000000000000,+44.9218828,-093.1080114,0.085068049279080,0.000215154363887
27,123,037100,27123037100,371,Census Tract 371,G5020,S,2307680.000000000000000,210008.000000000000000,+44.9334865,-093.0921746,0.081946982452329,0.000286998779950
27,123,037200,27123037200,372,Census Tract 372,G5020,S,2020845.000000000000000,0.000000000000000,+44.9238977,-093.0768268,0.075772200097495,0.000230325471838
27,123,037402,27123037402,374.02,Census Tract 374.02,G5020,S,2127489.000000000000000,66736.000000000000000,+44.9443564,-093.0243436,0.094962624773184,0.000250175169131
27,123,041900,27123041900,419,Census Tract 419,G5020,S,2248658.000000000000000,4831.000000000000000,+44.9957049,-093.1726609,0.083143285112804,0.000257154055821
27,123,034702,27123034702,347.02,Census Tract 347.02,G5020,S,1557740.000000000000000,642.000000000000000,+44.9562948,-093.0103341,0.059248183428710,0.000177715961291
27,123,041103,27123041103,411.03,Census Tract 411.03,G5020,S,1428073.000000000000000,301744.000000000000000,+45.0410072,-093.2210698,0.066410756145785,0.000197555829368
27,123,032100,27123032100,321,Census Tract 321,G5020,S,982615.000000000000000,0.000000000000000,+44.9636057,-093.1669001,0.050800181743097,0.000112069859559
27,123,033800,27123033800,338,Census Tract 338,G5020,S,418529.000000000000000,0.000000000000000,+44.9483983,-093.1396392,0.034313435746730,0.000047722206646
27,123,030704,27123030704,307.04,Census Tract 307.04,G5020,S,1337865.000000000000000,5132.000000000000000,+44.9793298,-093.0367295,0.060006961464419,0.000153218514766
27,123,040402,27123040402,404.02,Census Tract 404.02,G5020,S,6229054.000000000000000,118764.000000000000000,+45.0401824,-093.0103412,0.138290555622763,0.000724973214971
27,123,036500,27123036500,365,Census Tract 365,G5020,S,1296628.000000000000000,0.000000000000000,+44.9269807,-093.1619328,0.049390113946120,0.000147791097742
27,123,040301,27123040301,403.01,Census Tract 403.01,G5020,S,1685871.000000000000000,478428.000000000000000,+45.0680000,-093.0082259,0.097835565423594,0.000247289732964
27,123,033100,27123033100,331,Census Tract 331,G5020,S,848169.000000000000000,8839.000000000000000,+44.9605764,-093.0725530,0.047535413231626,0.000097740268749
27,123,030300,27123030300,303,Census Tract 303,G5020,S,2743575.000000000000000,287953.000000000000000,+44.9827640,-093.1355098,0.080307469354042,0.000345869390823
27,123,030400,27123030400,304,Census Tract 304,G5020,S,2092122.000000000000000,4244.000000000000000,+44.9854861,-093.1166713,0.067575662635846,0.000239187618956
27,123,037403,27123037403,374.03,Census Tract 374.03,G5020,S,5636122.000000000000000,25814.000000000000000,+44.9262045,-093.0124962,0.142269601621681,0.000645326547396
27,123,042101,27123042101,421.01,Census Tract 421.01,G5020,S,4982924.000000000000000,498519.000000000000000,+45.0280750,-093.0962801,0.113679333960561,0.000625838066101
27,123,042201,27123042201,422.01,Census Tract 422.01,G5020,S,1857795.000000000000000,200494.000000000000000,+44.9978705,-093.0974194,0.061517472443855,0.000234896195036
27,123,042202,27123042202,422.02,Census Tract 422.02,G5020,S,4021144.000000000000000,412546.000000000000000,+45.0009278,-093.0742360,0.101029602230211,0.000506007726183
27,123,042301,27123042301,423.01,Census Tract 423.01,G5020,S,5240544.000000000000000,550711.000000000000000,+45.0221658,-093.0502438,0.111171541099743,0.000661181893030
27,123,042302,27123042302,423.02,Census Tract 423.02,G5020,S,4350553.000000000000000,398504.000000000000000,+45.0029376,-093.0553924,0.097629943117592,0.000541990559737
27,123,040706,27123040706,407.06,Census Tract 407.06,G5020,S,5448813.000000000000000,263089.000000000000000,+45.1151869,-093.1357136,0.120010004382926,0.000653177765398
27,123,040707,27123040707,407.07,Census Tract 407.07,G5020,S,3997581.000000000000000,1936444.000000000000000,+45.1005080,-093.1448631,0.118536722519598,0.000678295275674
27,123,040801,27123040801,408.01,Census Tract 408.01,G5020,S,13899298.000000000000000,1196689.000000000000000,+45.0892757,-093.1644062,0.171236909640980,0.001725384740657
27,053,003802,27053003802,38.02,Census Tract 38.02,G5020,S,304569.000000000000000,4513.000000000000000,+44.9838887,-093.2394459,0.029881075233334,0.000035263541822
27,053,126202,27053126202,1262.02,Census Tract 1262.02,G5020,S,691365.000000000000000,74635.000000000000000,+44.9887016,-093.2721967,0.042577687837423,0.000087400984815
27,053,126102,27053126102,1261.02,Census Tract 1261.02,G5020,S,1637765.000000000000000,98597.000000000000000,+44.9780582,-093.2610717,0.081050906038976,0.000198083936000
27,053,027703,27053027703,277.03,Census Tract 277.03,G5020,S,20572679.000000000000000,8542148.000000000000000,+44.9057864,-093.6979543,0.407305696319628,0.003317331367366
27,053,126101,27053126101,1261.01,Census Tract 1261.01,G5020,S,293673.000000000000000,71788.000000000000000,+44.9817800,-093.2635472,0.028266020822084,0.000041694968659
27,053,024904,27053024904,249.04,Census Tract 249.04,G5020,S,1786788.000000000000000,2309.000000000000000,+44.8807997,-093.2523006,0.062921633663258,0.000203764204446
27,053,104001,27053104001,1040.01,Census Tract 1040.01,G5020,S,1748428.000000000000000,6941.000000000000000,+44.9818926,-093.2196058,0.072589134094418,0.000200275052312
27,053,023402,27053023402,234.02,Census Tract 234.02,G5020,S,1615826.000000000000000,0.000000000000000,+44.9237575,-093.3841896,0.078314224532199,0.000184162961757
27,053,026824,27053026824,268.24,Census Tract 268.24,G5020,S,5076992.000000000000000,10876.000000000000000,+45.1388468,-093.3466363,0.097919037072965,0.000582047352451
27,053,025909,27053025909,259.09,Census Tract 259.09,G5020,S,3657907.000000000000000,47269.000000000000000,+44.8034845,-093.3579710,0.086270417373841,0.000421435609753
27,053,025704,27053025704,257.04,Census Tract 257.04,G5020,S,2739197.000000000000000,103114.000000000000000,+44.8171780,-093.3374725,0.077930249473571,0.000323363221849
27,053,104902,27053104902,1049.02,Census Tract 1049.02,G5020,S,719993.000000000000000,31107.000000000000000,+44.9693711,-093.2218205,0.045791091232227,0.000085673028323
27,053,026717,27053026717,267.17,Census Tract 267.17,G5020,S,8734033.000000000000000,32750.000000000000000,+45.1334661,-093.5065848,0.129932084113517,0.001002802903614
27,053,026025,27053026025,260.25,Census Tract 260.25,G5020,S,2300531.000000000000000,24028.000000000000000,+44.8401448,-093.4949745,0.099335083348653,0.000264564380262
27,053,104801,27053104801,1048.01,Census Tract 1048.01,G5020,S,292925.000000000000000,0.000000000000000,+44.9688935,-093.2501715,0.023125032083206,0.000033411919610
27,053,104901,27053104901,1049.01,Census Tract 1049.01,G5020,S,1329845.000000000000000,167589.000000000000000,+44.9753223,-093.2327148,0.084618688006553,0.000170820975838
27,053,026024,27053026024,260.24,Census Tract 260.24,G5020,S,3523499.000000000000000,128500.000000000000000,+44.8296805,-093.4153561,0.095267136775111,0.000415572829167
27,053,026027,27053026027,260.27,Census Tract 260.27,G5020,S,4867815.000000000000000,132355.000000000000000,+44.8147985,-093.4091040,0.109898844993622,0.000568833877649
27,053,026911,27053026911,269.11,Census Tract 269.11,G5020,S,17347328.000000000000000,304616.000000000000000,+45.2053021,-093.5446146,0.261881261274877,0.002021720050365
27,053,026722,27053026722,267.22,Census Tract 267.22,G5020,S,3182605.000000000000000,13406.000000000000000,+45.0754925,-093.5132325,0.080984715112543,0.000365214675842
27,053,026718,27053026718,267.18,Census Tract 267.18,G5020,S,4231320.000000000000000,737778.000000000000000,+45.1117799,-093.4850866,0.143943985518917,0.000568193060794
27,053,025908,27053025908,259.08,Census Tract 259.08,G5020,S,4322029.000000000000000,499569.000000000000000,+44.8411650,-093.3591250,0.114062485791940,0.000548759459018
27,053,026720,27053026720,267.20,Census Tract 267.20,G5020,S,4780270.000000000000000,122140.000000000000000,+45.0938514,-093.4823473,0.112187614709799,0.000560399796527
27,053,026719,27053026719,267.19,Census Tract 267.19,G5020,S,5441000.000000000000000,201440.000000000000000,+45.0973278,-093.5112785,0.142039913732602,0.000645032904057
27,053,026912,27053026912,269.12,Census Tract 269.12,G5020,S,53746699.000000000000000,2084033.000000000000000,+45.1761548,-093.6062709,0.460829076070087,0.006391155531891
27,053,026516,27053026516,265.16,Census Tract 265.16,G5020,S,4097129.000000000000000,3594558.000000000000000,+45.0125416,-093.4155278,0.149033999582468,0.000877925857061
27,053,026615,27053026615,266.15,Census Tract 266.15,G5020,S,5690947.000000000000000,252901.000000000000000,+45.0516903,-093.4633706,0.107524885827424,0.000678977246634
27,053,026721,27053026721,267.21,Census Tract 267.21,G5020,S,2952362.000000000000000,948941.000000000000000,+45.0923279,-093.4673546,0.108652961385256,0.000445917330049
27,053,026614,27053026614,266.14,Census Tract 266.14,G5020,S,3545022.000000000000000,30845.000000000000000,+45.0350633,-093.4744846,0.086408177946462,0.000408349839760
27,053,026026,27053026026,260.26,Census Tract 260.26,G5020,S,6183742.000000000000000,45536.000000000000000,+44.8316585,-093.4899770,0.122910461122368,0.000708808318125
27,053,026405,27053026405,264.05,Census Tract 264.05,G5020,S,2800737.000000000000000,37008.000000000000000,+44.9687860,-093.4168055,0.082893838492538,0.000323647066528
27,053,026406,27053026406,264.06,Census Tract 264.06,G5020,S,1765805.000000000000000,27380.000000000000000,+44.9478590,-093.4050536,0.075005544120011,0.000204463737998
27,053,020201,27053020201,202.01,Census Tract 202.01,G5020,S,3451093.000000000000000,95670.000000000000000,+45.0759531,-093.3097496,0.101427756530674,0.000405291398415
27,053,020202,27053020202,202.02,Census Tract 202.02,G5020,S,2566273.000000000000000,91830.000000000000000,+45.0791479,-093.2918873,0.075627755286427,0.000303766016880
27,053,026828,27053026828,268.28,Census Tract 268.28,G5020,S,1590488.000000000000000,2407.000000000000000,+45.1035926,-093.3508236,0.055655644949164,0.000182110250608
27,053,026827,27053026827,268.27,Census Tract 268.27,G5020,S,1139674.000000000000000,0.000000000000000,+45.0926224,-093.3475424,0.046777415356889,0.000130272136644
27,053,023201,27053023201,232.01,Census Tract 232.01,G5020,S,2445313.000000000000000,22934.000000000000000,+44.9377718,-093.4124363,0.105100707981044,0.000281387519086
27,053,126201,27053126201,1262.01,Census Tract 1262.01,G5020,S,1460890.000000000000000,0.000000000000000,+44.9839856,-093.2827250,0.057234685138345,0.000166676604379
27,053,026725,27053026725,267.25,Census Tract 267.25,G5020,S,2316259.000000000000000,12923.000000000000000,+45.1126408,-093.4480360,0.067788577954981,0.000266341822901
27,053,026726,27053026726,267.26,Census Tract 267.26,G5020,S,4439346.000000000000000,117016.000000000000000,+45.1125311,-093.4254545,0.114751273283556,0.000521021654377
27,053,126300,27053126300,1263,Census Tract 1263,G5020,S,1979097.000000000000000,103991.000000000000000,+44.9960260,-093.2857348,0.074117241331542,0.000237721772607
27,053,026826,27053026826,268.26,Census Tract 268.26,G5020,S,4137952.000000000000000,434238.000000000000000,+45.1379802,-093.3257872,0.108733251750650,0.000523046913271
27,053,104802,27053104802,1048.02,Census Tract 1048.02,G5020,S,1332334.000000000000000,162831.000000000000000,+44.9695244,-093.2412190,0.067802714342811,0.000170545890602
27,053,026723,27053026723,267.23,Census Tract 267.23,G5020,S,5995063.000000000000000,134916.000000000000000,+45.0734515,-093.4816522,0.137458096335374,0.000700466889537
27,053,027205,27053027205,272.05,Census Tract 272.05,G5020,S,19907529.000000000000000,11165842.000000000000000,+44.9656845,-093.5654684,0.469067467080387,0.003544150300278
27,053,024005,27053024005,240.05,Census Tract 240.05,G5020,S,1152234.000000000000000,1733.000000000000000,+44.8830038,-093.3228319,0.046493023748517,0.000131430298308
27,053,125900,27053125900,1259,Census Tract 1259,G5020,S,1049910.000000000000000,0.000000000000000,+44.9534648,-093.2470011,0.047628329290538,0.000119723995666
27,053,126000,27053126000,1260,Census Tract 1260,G5020,S,987365.000000000000000,0.000000000000000,+44.9539066,-093.2672888,0.046649871665067,0.000112592626679
27,053,020801,27053020801,208.01,Census Tract 208.01,G5020,S,1369368.000000000000000,0.000000000000000,+45.0588630,-093.3697202,0.083713622770849,0.000156436407470
27,053,020804,27053020804,208.04,Census Tract 208.04,G5020,S,1757007.000000000000000,0.000000000000000,+45.0478275,-093.3652590,0.067418684379112,0.000200682423142
27,053,020903,27053020903,209.03,Census Tract 209.03,G5020,S,1971596.000000000000000,11731.000000000000000,+45.0391293,-093.3594938,0.075587130968053,0.000226495694526
27,053,021001,27053021001,210.01,Census Tract 210.01,G5020,S,2987848.000000000000000,2888.000000000000000,+45.0164262,-093.3644786,0.146125577459515,0.000341415428319
27,053,021002,27053021002,210.02,Census Tract 210.02,G5020,S,1346088.000000000000000,0.000000000000000,+45.0109061,-093.3597670,0.057325832984600,0.000153649931372
27,053,021100,27053021100,211,Census Tract 211,G5020,S,1106190.000000000000000,15941.000000000000000,+45.0362518,-093.3459613,0.075791184201105,0.000128133267229
27,053,026713,27053026713,267.13,Census Tract 267.13,G5020,S,4150732.000000000000000,1301721.000000000000000,+45.0812737,-093.4139527,0.101914653583694,0.000623074563554
27,053,026807,27053026807,268.07,Census Tract 268.07,G5020,S,8284060.000000000000000,81807.000000000000000,+45.0846912,-093.3890847,0.142373487768991,0.000956114215768
27,053,021200,27053021200,212,Census Tract 212,G5020,S,2627788.000000000000000,455574.000000000000000,+45.0309110,-093.3279867,0.093592091806182,0.000352073979375
27,053,021300,27053021300,213,Census Tract 213,G5020,S,1859190.000000000000000,0.000000000000000,+45.0264182,-093.3394550,0.069309664033777,0.000212275516401
27,053,021400,27053021400,214,Census Tract 214,G5020,S,1645689.000000000000000,30867.000000000000000,+45.0125951,-093.3273279,0.054852440220940,0.000191376832631
27,053,021501,27053021501,215.01,Census Tract 215.01,G5020,S,1826550.000000000000000,54469.000000000000000,+45.0626903,-093.3899161,0.085768434532849,0.000214898052909
27,053,021502,27053021502,215.02,Census Tract 215.02,G5020,S,1983492.000000000000000,5954.000000000000000,+45.0519544,-093.3874550,0.099766629178453,0.000227250206232
27,053,021503,27053021503,215.03,Census Tract 215.03,G5020,S,3891818.000000000000000,6854.000000000000000,+45.0419547,-093.3854072,0.095727269489325,0.000445245318532
27,053,021504,27053021504,215.04,Census Tract 215.04,G5020,S,2891574.000000000000000,77218.000000000000000,+45.0278261,-093.3849074,0.083263233578980,0.000338971175646
27,053,021505,27053021505,215.05,Census Tract 215.05,G5020,S,2692241.000000000000000,15342.000000000000000,+45.0183526,-093.3926437,0.141941929936174,0.000309077544076
27,053,021601,27053021601,216.01,Census Tract 216.01,G5020,S,4184079.000000000000000,816.000000000000000,+44.9940079,-093.3931529,0.089170559321951,0.000477563161689
27,053,021602,27053021602,216.02,Census Tract 216.02,G5020,S,6296128.000000000000000,73590.000000000000000,+44.9953916,-093.3661745,0.109918174066688,0.000726883179950
27,053,021700,27053021700,217,Census Tract 217,G5020,S,5844543.000000000000000,455366.000000000000000,+45.0010460,-093.3344168,0.122427990595288,0.000718977674697
27,053,021800,27053021800,218,Census Tract 218,G5020,S,3853676.000000000000000,233386.000000000000000,+44.9793014,-093.3329089,0.102789025195817,0.000466268205537
27,053,021900,27053021900,219,Census Tract 219,G5020,S,6232940.000000000000000,121509.000000000000000,+44.9763507,-093.3724792,0.147626135691119,0.000724911189300
27,053,022102,27053022102,221.02,Census Tract 221.02,G5020,S,1339601.000000000000000,41491.000000000000000,+44.9637767,-093.3765552,0.056172825054292,0.000157515645514
27,053,022200,27053022200,222,Census Tract 222,G5020,S,3818524.000000000000000,221874.000000000000000,+44.9614613,-093.3907788,0.117554368776915,0.000460822622979
27,053,105204,27053105204,1052.04,Census Tract 1052.04,G5020,S,409149.000000000000000,0.000000000000000,+44.9690161,-093.2755582,0.033442314251289,0.000046668935049
27,053,105201,27053105201,1052.01,Census Tract 1052.01,G5020,S,472265.000000000000000,30218.000000000000000,+44.9699231,-093.2842531,0.032862665800559,0.000057317698130
27,053,025301,27053025301,253.01,Census Tract 253.01,G5020,S,4741973.000000000000000,1751583.000000000000000,+44.8191156,-093.2604911,0.162624018774604,0.000738760082275
27,053,025302,27053025302,253.02,Census Tract 253.02,G5020,S,2633204.000000000000000,967.000000000000000,+44.8209346,-093.2797682,0.086153239582619,0.000299698921214
27,053,025401,27053025401,254.01,Census Tract 254.01,G5020,S,2822710.000000000000000,0.000000000000000,+44.8512790,-093.2758416,0.072863375089352,0.000321317873513
27,053,025403,27053025403,254.03,Census Tract 254.03,G5020,S,2015206.000000000000000,75943.000000000000000,+44.8323978,-093.2771880,0.064373088569167,0.000237968790259
27,053,025601,27053025601,256.01,Census Tract 256.01,G5020,S,2563987.000000000000000,180677.000000000000000,+44.8473555,-093.3012452,0.082028181708677,0.000312413055691
27,053,025603,27053025603,256.03,Census Tract 256.03,G5020,S,3654002.000000000000000,79264.000000000000000,+44.8502544,-093.3133536,0.083001494926295,0.000424970781583
27,053,025605,27053025605,256.05,Census Tract 256.05,G5020,S,3746286.000000000000000,156574.000000000000000,+44.8501070,-093.3404614,0.087769300052387,0.000444272999269
27,053,025702,27053025702,257.02,Census Tract 257.02,G5020,S,5612322.000000000000000,79216.000000000000000,+44.8296656,-093.3152170,0.116198392008847,0.000647634520699
27,053,022301,27053022301,223.01,Census Tract 223.01,G5020,S,1402023.000000000000000,101732.000000000000000,+44.9439811,-093.3937690,0.066241258225795,0.000171452257109
27,053,022700,27053022700,227,Census Tract 227,G5020,S,1752756.000000000000000,0.000000000000000,+44.9512454,-093.3526011,0.064628732866988,0.000199863726451
27,053,022801,27053022801,228.01,Census Tract 228.01,G5020,S,1734405.000000000000000,38219.000000000000000,+44.9567715,-093.3371769,0.059093104680084,0.000202150579449
27,053,022802,27053022802,228.02,Census Tract 228.02,G5020,S,1387162.000000000000000,0.000000000000000,+44.9478006,-093.3394817,0.056842377110874,0.000158167148363
27,053,022901,27053022901,229.01,Census Tract 229.01,G5020,S,2469763.000000000000000,25130.000000000000000,+44.9360812,-093.3373115,0.070251944557065,0.000284418022473
27,053,023000,27053023000,230,Census Tract 230,G5020,S,3475410.000000000000000,86864.000000000000000,+44.9300360,-093.3618636,0.102801553707462,0.000406047770189
27,053,023300,27053023300,233,Census Tract 233,G5020,S,3023214.000000000000000,23340.000000000000000,+44.9252637,-093.4164509,0.091105908933148,0.000347234985262
27,053,101200,27053101200,1012,Census Tract 1012,G5020,S,1621951.000000000000000,0.000000000000000,+45.0131728,-093.2310967,0.064327149945198,0.000185145608211
27,053,110400,27053110400,1104,Census Tract 1104,G5020,S,1006784.000000000000000,0.000000000000000,+44.9300304,-093.2192128,0.045296121406612,0.000114760343799
27,053,110500,27053110500,1105,Census Tract 1105,G5020,S,2674553.000000000000000,470830.000000000000000,+44.9225103,-093.2082804,0.099337232565580,0.000358481805352
27,053,110800,27053110800,1108,Census Tract 1108,G5020,S,1310229.000000000000000,0.000000000000000,+44.9214261,-093.2814329,0.049101041775579,0.000149326626787
27,053,023501,27053023501,235.01,Census Tract 235.01,G5020,S,2926051.000000000000000,100647.000000000000000,+44.9152752,-093.3690947,0.129636341596025,0.000344923921785
27,053,023502,27053023502,235.02,Census Tract 235.02,G5020,S,6068376.000000000000000,252082.000000000000000,+44.9056976,-093.3841171,0.126796523530617,0.000720142153915
27,053,023600,27053023600,236,Census Tract 236,G5020,S,2651997.000000000000000,69292.000000000000000,+44.9123154,-093.3407063,0.074804984694658,0.000310098249242
27,053,023700,27053023700,237,Census Tract 237,G5020,S,4549668.000000000000000,100928.000000000000000,+44.8963304,-093.3658107,0.107833133083678,0.000529805221621
27,053,023801,27053023801,238.01,Census Tract 238.01,G5020,S,3210651.000000000000000,109587.000000000000000,+44.8971829,-093.3397780,0.076751929573809,0.000378244131357
27,053,023802,27053023802,238.02,Census Tract 238.02,G5020,S,1443515.000000000000000,0.000000000000000,+44.8971316,-093.3241647,0.054220604474791,0.000164448613152
27,053,023901,27053023901,239.01,Census Tract 239.01,G5020,S,3402893.000000000000000,29369.000000000000000,+44.8815480,-093.3663328,0.098781292345053,0.000390917411081
27,053,025805,27053025805,258.05,Census Tract 258.05,G5020,S,5238416.000000000000000,541300.000000000000000,+44.7988615,-093.3197503,0.162503591124336,0.000657315426093
27,053,025905,27053025905,259.05,Census Tract 259.05,G5020,S,5586647.000000000000000,1169168.000000000000000,+44.8491328,-093.3835192,0.136251152601373,0.000769007640195
27,053,025907,27053025907,259.07,Census Tract 259.07,G5020,S,6050134.000000000000000,258705.000000000000000,+44.8007557,-093.3812157,0.155625000246107,0.000717542786988
27,053,023902,27053023902,239.02,Census Tract 239.02,G5020,S,4332476.000000000000000,197252.000000000000000,+44.8756256,-093.3872217,0.105202996690895,0.000515836763564
27,053,024003,27053024003,240.03,Census Tract 240.03,G5020,S,2630839.000000000000000,109935.000000000000000,+44.8698410,-093.3344400,0.074321844318739,0.000312087174034
27,053,024200,27053024200,242,Census Tract 242,G5020,S,1687680.000000000000000,0.000000000000000,+44.8774179,-093.3079469,0.065291890984871,0.000192199992638
27,053,024300,27053024300,243,Census Tract 243,G5020,S,1896272.000000000000000,6849.000000000000000,+44.8682182,-093.3105432,0.063962994408964,0.000216698234896
27,053,024400,27053024400,244,Census Tract 244,G5020,S,1657357.000000000000000,92702.000000000000000,+44.8861104,-093.2839364,0.062791976720870,0.000199330801066
27,053,024500,27053024500,245,Census Tract 245,G5020,S,1875330.000000000000000,197898.000000000000000,+44.8753835,-093.2864557,0.070239240636723,0.000236101120187
27,053,024600,27053024600,246,Census Tract 246,G5020,S,1906731.000000000000000,0.000000000000000,+44.8664107,-093.2865217,0.066593804177416,0.000217104910282
27,053,024700,27053024700,247,Census Tract 247,G5020,S,2007358.000000000000000,41026.000000000000000,+44.8826022,-093.2660484,0.062963058338852,0.000233302333003
27,053,024801,27053024801,248.01,Census Tract 248.01,G5020,S,1039844.000000000000000,0.000000000000000,+44.8727014,-093.2661759,0.047270602161269,0.000118412013427
27,053,024802,27053024802,248.02,Census Tract 248.02,G5020,S,1045749.000000000000000,0.000000000000000,+44.8654821,-093.2662267,0.047537745280841,0.000119070315653
27,053,026005,27053026005,260.05,Census Tract 260.05,G5020,S,4598018.000000000000000,193273.000000000000000,+44.8767314,-093.4707148,0.100676176396922,0.000545648544496
27,053,026101,27053026101,261.01,Census Tract 261.01,G5020,S,4398735.000000000000000,80033.000000000000000,+44.9369256,-093.4395914,0.111998363926037,0.000510569329659
27,053,026201,27053026201,262.01,Census Tract 262.01,G5020,S,4917276.000000000000000,103428.000000000000000,+44.9184536,-093.4997713,0.118219228401803,0.000572214631399
27,053,110900,27053110900,1109,Census Tract 1109,G5020,S,1135203.000000000000000,0.000000000000000,+44.9214985,-093.2685570,0.045973490131091,0.000129379448558
27,053,026702,27053026702,267.02,Census Tract 267.02,G5020,S,1922638.000000000000000,0.000000000000000,+45.1178664,-093.3991999,0.077136715796096,0.000219866335088
27,053,026505,27053026505,265.05,Census Tract 265.05,G5020,S,3132483.000000000000000,6236.000000000000000,+45.0130733,-093.4426819,0.111914113683152,0.000358274433127
27,053,023100,27053023100,231,Census Tract 231,G5020,S,952802.000000000000000,10697.000000000000000,+44.9251864,-093.3350254,0.043709028853342,0.000109816725542
27,053,027501,27053027501,275.01,Census Tract 275.01,G5020,S,5000499.000000000000000,6162370.000000000000000,+44.9159210,-093.5758573,0.220257329851046,0.001272042629083
27,053,103900,27053103900,1039,Census Tract 1039,G5020,S,269683.000000000000000,0.000000000000000,+44.9826130,-093.2350036,0.023276944907349,0.000030768407022
27,053,026510,27053026510,265.10,Census Tract 265.10,G5020,S,2824147.000000000000000,21758.000000000000000,+45.0424714,-093.4120557,0.072456163086984,0.000325016900923
27,053,025803,27053025803,258.03,Census Tract 258.03,G5020,S,2115152.000000000000000,4922.000000000000000,+44.8091438,-093.3321280,0.093226499213228,0.000241162153645
27,053,026812,27053026812,268.12,Census Tract 268.12,G5020,S,15098077.000000000000000,45877.000000000000000,+45.1338367,-093.3845751,0.184423884686541,0.001732209285096
27,053,026815,27053026815,268.15,Census Tract 268.15,G5020,S,3972510.000000000000000,373670.000000000000000,+45.0965732,-093.2901971,0.117002346962881,0.000496827786333
27,053,026816,27053026816,268.16,Census Tract 268.16,G5020,S,4188852.000000000000000,42670.000000000000000,+45.1051368,-093.3739806,0.098754442145180,0.000483771187369
27,053,026818,27053026818,268.18,Census Tract 268.18,G5020,S,2868074.000000000000000,0.000000000000000,+45.0862630,-093.3692459,0.084198576502967,0.000327804368896
27,053,026819,27053026819,268.19,Census Tract 268.19,G5020,S,1152046.000000000000000,0.000000000000000,+45.0858298,-093.3560346,0.058549978825424,0.000131670975890
27,053,026903,27053026903,269.03,Census Tract 269.03,G5020,S,4328590.000000000000000,507279.000000000000000,+45.1909946,-093.4093036,0.133626044871274,0.000553695409072
27,053,106700,27053106700,1067,Census Tract 1067,G5020,S,747589.000000000000000,0.000000000000000,+44.9571292,-093.2916985,0.045766513362338,0.000085254999379
27,053,022302,27053022302,223.02,Census Tract 223.02,G5020,S,1449908.000000000000000,1216.000000000000000,+44.9431218,-093.3864193,0.057901433641807,0.000165443992947
27,053,009500,27053009500,95,Census Tract 95,G5020,S,641075.000000000000000,0.000000000000000,+44.9341650,-093.2650375,0.039021263030860,0.000073079525920
27,053,027001,27053027001,270.01,Census Tract 270.01,G5020,S,53504953.000000000000000,2990500.000000000000000,+45.0940653,-093.6907725,0.399555036092035,0.006458572058218
27,053,026712,27053026712,267.12,Census Tract 267.12,G5020,S,2921708.000000000000000,379640.000000000000000,+45.0797986,-093.4385545,0.082144350389620,0.000377269088684
27,053,022101,27053022101,221.01,Census Tract 221.01,G5020,S,1368876.000000000000000,9332.000000000000000,+44.9646507,-093.3649201,0.054217999852458,0.000157191715441
27,053,002400,27053002400,24,Census Tract 24,G5020,S,766875.000000000000000,104883.000000000000000,+45.0027673,-093.2691087,0.044291916137478,0.000099491873921
27,053,106400,27053106400,1064,Census Tract 1064,G5020,S,529153.000000000000000,91465.000000000000000,+44.9619810,-093.2258419,0.039810656716667,0.000070780891945
27,053,027101,27053027101,271.01,Census Tract 271.01,G5020,S,66844522.000000000000000,4083920.000000000000000,+45.0332743,-093.5887183,0.380711554564225,0.008099237109892
27,053,027102,27053027102,271.02,Census Tract 271.02,G5020,S,92724168.000000000000000,721023.000000000000000,+45.1067871,-093.5779029,0.444695205842888,0.010684405174643
27,053,026205,27053026205,262.05,Census Tract 262.05,G5020,S,3342673.000000000000000,104325.000000000000000,+44.9104463,-093.4893437,0.099072442888285,0.000392786311853
27,053,026206,27053026206,262.06,Census Tract 262.06,G5020,S,3501478.000000000000000,23773.000000000000000,+44.9150217,-093.4653677,0.084171418771266,0.000401721943204
27,053,026207,27053026207,262.07,Census Tract 262.07,G5020,S,4604794.000000000000000,44669.000000000000000,+44.9016935,-093.5093500,0.095455585911856,0.000529710349654
27,053,026208,27053026208,262.08,Census Tract 262.08,G5020,S,5380319.000000000000000,345871.000000000000000,+44.9003114,-093.4672958,0.133224599614528,0.000652362023758
27,053,026301,27053026301,263.01,Census Tract 263.01,G5020,S,7360799.000000000000000,470685.000000000000000,+44.9598529,-093.4753504,0.182747700019561,0.000893170568209
27,053,026511,27053026511,265.11,Census Tract 265.11,G5020,S,1891893.000000000000000,80867.000000000000000,+45.0267927,-093.4116110,0.062700380161701,0.000225246790676
27,053,026302,27053026302,263.02,Census Tract 263.02,G5020,S,5316578.000000000000000,561920.000000000000000,+44.9408970,-093.4877903,0.148737361237727,0.000670205537666
27,053,026403,27053026403,264.03,Census Tract 264.03,G5020,S,3294526.000000000000000,13257.000000000000000,+44.9750676,-093.4341894,0.112744415243700,0.000377334175601
27,053,026404,27053026404,264.04,Census Tract 264.04,G5020,S,9155230.000000000000000,257716.000000000000000,+44.9568046,-093.4383827,0.132643918884663,0.001073450965227
27,053,026507,27053026507,265.07,Census Tract 265.07,G5020,S,7103993.000000000000000,169401.000000000000000,+44.9867997,-093.4332735,0.151755742335488,0.000829870008502
27,053,026508,27053026508,265.08,Census Tract 265.08,G5020,S,6510697.000000000000000,1003782.000000000000000,+45.0508328,-093.4363308,0.137198175021794,0.000858424869256
27,053,026509,27053026509,265.09,Census Tract 265.09,G5020,S,4383768.000000000000000,243284.000000000000000,+45.0391187,-093.4418386,0.099534749410361,0.000528417910192
27,053,026605,27053026605,266.05,Census Tract 266.05,G5020,S,4248395.000000000000000,15381.000000000000000,+45.0238244,-093.5134426,0.094588758208878,0.000486806947173
27,053,026606,27053026606,266.06,Census Tract 266.06,G5020,S,4915588.000000000000000,526378.000000000000000,+45.0001715,-093.5150355,0.106890794092454,0.000621022543696
27,053,026609,27053026609,266.09,Census Tract 266.09,G5020,S,4021473.000000000000000,506195.000000000000000,+44.9866293,-093.4723560,0.112526486723991,0.000516604512846
27,053,026610,27053026610,266.10,Census Tract 266.10,G5020,S,4490315.000000000000000,437898.000000000000000,+44.9976446,-093.4947973,0.135337053565490,0.000562409701521
27,053,026708,27053026708,267.08,Census Tract 267.08,G5020,S,10424237.000000000000000,1544089.000000000000000,+45.1292997,-093.4713746,0.203191520218695,0.001368952995453
27,053,026711,27053026711,267.11,Census Tract 267.11,G5020,S,2762880.000000000000000,37048.000000000000000,+45.0776697,-093.4531085,0.131284601656151,0.000319994707278
27,053,026906,27053026906,269.06,Census Tract 269.06,G5020,S,5931821.000000000000000,648177.000000000000000,+45.1671543,-093.3671351,0.173740554095921,0.000753112182732
27,053,026907,27053026907,269.07,Census Tract 269.07,G5020,S,6973851.000000000000000,286250.000000000000000,+45.1698781,-093.4089633,0.114617769032098,0.000830930116705
27,053,026908,27053026908,269.08,Census Tract 269.08,G5020,S,3876893.000000000000000,0.000000000000000,+45.1591388,-093.3760764,0.090768845044725,0.000443664967720
27,053,027002,27053027002,270.02,Census Tract 270.02,G5020,S,86754441.000000000000000,5567666.000000000000000,+45.0155762,-093.7109633,0.418284172201959,0.010540086842732
27,053,010700,27053010700,107,Census Tract 107,G5020,S,874057.000000000000000,0.000000000000000,+44.9209836,-093.2929753,0.041660697447292,0.000099615566304
27,053,022000,27053022000,220,Census Tract 220,G5020,S,1742463.000000000000000,3442.000000000000000,+44.9645588,-093.3467257,0.077725630361135,0.000199131654016
27,053,026910,27053026910,269.10,Census Tract 269.10,G5020,S,60542575.000000000000000,4528949.000000000000000,+45.1890881,-093.4715751,0.375817374045903,0.007450714379288
27,053,026814,27053026814,268.14,Census Tract 268.14,G5020,S,3586278.000000000000000,31546.000000000000000,+45.0988606,-093.3102718,0.082711338215804,0.000413582138332
27,053,101300,27053101300,1013,Census Tract 1013,G5020,S,474966.000000000000000,0.000000000000000,+45.0099140,-093.3118455,0.033811738979767,0.000054214598787
27,053,101900,27053101900,1019,Census Tract 1019,G5020,S,644009.000000000000000,0.000000000000000,+45.0095663,-093.2422522,0.034827516730566,0.000073509174510
27,053,109400,27053109400,1094,Census Tract 1094,G5020,S,440842.000000000000000,0.000000000000000,+44.9377499,-093.2710721,0.028400552676829,0.000050256973885
27,053,000101,27053000101,1.01,Census Tract 1.01,G5020,S,2001537.000000000000000,0.000000000000000,+45.0454917,-093.3086485,0.064040393007614,0.000228602820688
27,053,000102,27053000102,1.02,Census Tract 1.02,G5020,S,2329304.000000000000000,160200.000000000000000,+45.0430125,-093.2895130,0.069166307057063,0.000284323181456
27,053,026007,27053026007,260.07,Census Tract 260.07,G5020,S,12971944.000000000000000,1030984.000000000000000,+44.8760774,-093.4229535,0.177893068534058,0.001594668713910
27,053,026006,27053026006,260.06,Census Tract 260.06,G5020,S,3256346.000000000000000,19369.000000000000000,+44.8755569,-093.4614253,0.095417649318126,0.000373044999718
27,053,000300,27053000300,3,Census Tract 3,G5020,S,1016694.000000000000000,0.000000000000000,+45.0297772,-093.3135562,0.043153510528068,0.000116088862358
27,053,000601,27053000601,6.01,Census Tract 6.01,G5020,S,3785112.000000000000000,0.000000000000000,+45.0265683,-093.2503049,0.089866795956784,0.000432169397496
27,053,000603,27053000603,6.03,Census Tract 6.03,G5020,S,1298100.000000000000000,0.000000000000000,+45.0282496,-093.2316300,0.050445059081406,0.000148216658209
27,053,001100,27053001100,11,Census Tract 11,G5020,S,651500.000000000000000,0.000000000000000,+45.0168105,-093.2422653,0.035070852167442,0.000074373363547
27,053,001700,27053001700,17,Census Tract 17,G5020,S,851236.000000000000000,111062.000000000000000,+45.0087925,-093.2668994,0.045287907102754,0.000109838953597
27,053,002200,27053002200,22,Census Tract 22,G5020,S,453961.000000000000000,0.000000000000000,+45.0025363,-093.2902770,0.029005036891292,0.000051810049378
27,053,003200,27053003200,32,Census Tract 32,G5020,S,646049.000000000000000,1933.000000000000000,+44.9870203,-093.3140001,0.034959910594620,0.000073934884573
27,053,003300,27053003300,33,Census Tract 33,G5020,S,616347.000000000000000,0.000000000000000,+44.9879981,-093.3032245,0.034098875196736,0.000070325734852
27,053,005901,27053005901,59.01,Census Tract 59.01,G5020,S,458497.000000000000000,0.000000000000000,+44.9675673,-093.2600315,0.044410831830645,0.000052296442162
27,053,005902,27053005902,59.02,Census Tract 59.02,G5020,S,486608.000000000000000,0.000000000000000,+44.9630404,-093.2644337,0.034210097809152,0.000055498510260
27,053,006800,27053006800,68,Census Tract 68,G5020,S,480128.000000000000000,0.000000000000000,+44.9600129,-093.2829297,0.031107827051309,0.000054756180053
27,053,026202,27053026202,262.02,Census Tract 262.02,G5020,S,4107973.000000000000000,29676.000000000000000,+44.9292825,-093.4686454,0.093568736645052,0.000471633585627
27,053,023903,27053023903,239.03,Census Tract 239.03,G5020,S,3615693.000000000000000,86228.000000000000000,+44.8727609,-093.3672171,0.101896218649530,0.000421536596317
27,053,007700,27053007700,77,Census Tract 77,G5020,S,680287.000000000000000,0.000000000000000,+44.9501550,-093.2874611,0.050416120177945,0.000077570783647
27,053,008200,27053008200,82,Census Tract 82,G5020,S,628213.000000000000000,0.000000000000000,+44.9448417,-093.2830363,0.034444807979574,0.000071626182233
27,053,008300,27053008300,83,Census Tract 83,G5020,S,470682.000000000000000,0.000000000000000,+44.9448508,-093.2741004,0.029342043323256,0.000053665066408
27,053,008400,27053008400,84,Census Tract 84,G5020,S,466901.000000000000000,0.000000000000000,+44.9448631,-093.2664462,0.029250281014625,0.000053234341884
27,053,008500,27053008500,85,Census Tract 85,G5020,S,936189.000000000000000,44329.000000000000000,+44.9429041,-093.2572053,0.043006939852764,0.000111792779323
27,053,009600,27053009600,96,Census Tract 96,G5020,S,836093.000000000000000,0.000000000000000,+44.9332465,-093.2587179,0.040406608554841,0.000095309072886
27,053,010600,27053010600,106,Census Tract 106,G5020,S,1014231.000000000000000,0.000000000000000,+44.9151125,-093.3136735,0.065693769960295,0.000115581898950
27,053,011000,27053011000,110,Census Tract 110,G5020,S,1458151.000000000000000,0.000000000000000,+44.9214885,-093.2549185,0.053031117432348,0.000166185351723
27,053,011703,27053011703,117.03,Census Tract 117.03,G5020,S,1737541.000000000000000,50178.000000000000000,+44.9097702,-093.2543538,0.060064792127171,0.000203704438678
27,053,011704,27053011704,117.04,Census Tract 117.04,G5020,S,1209063.000000000000000,0.000000000000000,+44.8975075,-093.2570066,0.060792912090769,0.000137740465497
27,053,011800,27053011800,118,Census Tract 118,G5020,S,2326538.000000000000000,764276.000000000000000,+44.9105663,-093.2347960,0.081800274328129,0.000352184149923
27,053,011998,27053011998,119.98,Census Tract 119.98,G5020,S,1494682.000000000000000,13765.000000000000000,+44.9099064,-093.2145531,0.063368405282839,0.000171884051040
27,053,026013,27053026013,260.13,Census Tract 260.13,G5020,S,4608872.000000000000000,19197.000000000000000,+44.8864306,-093.5007846,0.117116963098712,0.000527141084067
27,053,026014,27053026014,260.14,Census Tract 260.14,G5020,S,5298021.000000000000000,327889.000000000000000,+44.8699190,-093.5037958,0.124664163814397,0.000640625717244
27,053,025100,27053025100,251,Census Tract 251,G5020,S,7093817.000000000000000,3959294.000000000000000,+44.8511691,-093.2260805,0.155096220341021,0.001258128698440
27,053,025201,27053025201,252.01,Census Tract 252.01,G5020,S,2526945.000000000000000,49419.000000000000000,+44.8533340,-093.2574406,0.069685362910535,0.000293293574065
27,053,025205,27053025205,252.05,Census Tract 252.05,G5020,S,3164420.000000000000000,6212.000000000000000,+44.8389316,-093.2591192,0.076634803138582,0.000360845317253
27,053,012001,27053012001,120.01,Census Tract 120.01,G5020,S,2536347.000000000000000,88162.000000000000000,+44.8970126,-093.3054316,0.078149036933850,0.000298986498060
27,053,012003,27053012003,120.03,Census Tract 120.03,G5020,S,2379029.000000000000000,206554.000000000000000,+44.8961089,-093.2768378,0.092027404116677,0.000294548022096
27,053,012101,27053012101,121.01,Census Tract 121.01,G5020,S,1092789.000000000000000,4108.000000000000000,+44.8999037,-093.2298130,0.077689100678749,0.000124967782972
27,053,020101,27053020101,201.01,Census Tract 201.01,G5020,S,1868497.000000000000000,0.000000000000000,+45.0300335,-093.2176500,0.059669806433614,0.000213350861829
27,053,020102,27053020102,201.02,Census Tract 201.02,G5020,S,2494179.000000000000000,2644.000000000000000,+45.0183985,-093.2124784,0.079676939126166,0.000285029005201
27,053,020301,27053020301,203.01,Census Tract 203.01,G5020,S,2235748.000000000000000,41595.000000000000000,+45.0806715,-093.3284336,0.088049278441952,0.000260262705295
27,053,020303,27053020303,203.03,Census Tract 203.03,G5020,S,1950718.000000000000000,3460.000000000000000,+45.0702160,-093.3392615,0.065305065339920,0.000223291036024
27,053,020304,27053020304,203.04,Census Tract 203.04,G5020,S,1923789.000000000000000,0.000000000000000,+45.0682415,-093.3206116,0.066219057528198,0.000219809609112
27,053,026611,27053026611,266.11,Census Tract 266.11,G5020,S,3581166.000000000000000,19239.000000000000000,+45.0174748,-093.4852028,0.097139133494795,0.000410937213469
27,053,026707,27053026707,267.07,Census Tract 267.07,G5020,S,11465678.000000000000000,384559.000000000000000,+45.1473128,-093.4287633,0.224161523206336,0.001355656978735
27,053,020400,27053020400,204,Census Tract 204,G5020,S,3837237.000000000000000,574088.000000000000000,+45.0527908,-093.3280775,0.103911095293838,0.000503895155530
27,053,020500,27053020500,205,Census Tract 205,G5020,S,1992919.000000000000000,54288.000000000000000,+45.0566236,-093.2983324,0.078945820237857,0.000233857793381
27,053,020600,27053020600,206,Census Tract 206,G5020,S,1562360.000000000000000,94143.000000000000000,+45.0647394,-093.2916975,0.060747752996555,0.000189256270011
27,053,020700,27053020700,207,Census Tract 207,G5020,S,3852113.000000000000000,170450.000000000000000,+45.0609712,-093.3513459,0.094085998838445,0.000459505734500
27,053,023401,27053023401,234.01,Census Tract 234.01,G5020,S,2137560.000000000000000,5545.000000000000000,+44.9125314,-093.4096872,0.066908922584700,0.000244211665704
27,053,026724,27053026724,267.24,Census Tract 267.24,G5020,S,8119115.000000000000000,351531.000000000000000,+45.1014129,-093.4147141,0.149126474331604,0.000968342686502
27,053,027204,27053027204,272.04,Census Tract 272.04,G5020,S,19035339.000000000000000,6451927.000000000000000,+44.9869255,-093.6198139,0.287423463734002,0.002907374051126
27,053,026616,27053026616,266.16,Census Tract 266.16,G5020,S,10544155.000000000000000,66902.000000000000000,+45.0484592,-093.5001814,0.141121972659555,0.001212028263088
27,053,027702,27053027702,277.02,Census Tract 277.02,G5020,S,2691947.000000000000000,3824.000000000000000,+44.9050663,-093.7482881,0.096260553656224,0.000307152043560
27,053,023202,27053023202,232.02,Census Tract 232.02,G5020,S,1298930.000000000000000,23996.000000000000000,+44.9298505,-093.3920170,0.058047799599814,0.000150796999498
27,053,026617,27053026617,266.17,Census Tract 266.17,G5020,S,2456785.000000000000000,9826.000000000000000,+45.0273794,-093.4944272,0.089339428680885,0.000281638761762
27,053,027701,27053027701,277.01,Census Tract 277.01,G5020,S,47046116.000000000000000,4246121.000000000000000,+44.9519073,-093.7125183,0.359256780795834,0.005848886845186
27,053,026023,27053026023,260.23,Census Tract 260.23,G5020,S,2952190.000000000000000,178539.000000000000000,+44.8366869,-093.4343483,0.125489604967083,0.000356297080367
27,053,026825,27053026825,268.25,Census Tract 268.25,G5020,S,2069451.000000000000000,0.000000000000000,+45.1268440,-093.3186379,0.080152911509597,0.000236692107752
27,053,026515,27053026515,265.15,Census Tract 265.15,G5020,S,2594015.000000000000000,169443.000000000000000,+45.0239034,-093.4290472,0.075338644609526,0.000315514770838
27,053,025703,27053025703,257.03,Census Tract 257.03,G5020,S,2723766.000000000000000,89163.000000000000000,+44.8301850,-093.3414586,0.082041668152149,0.000320107585782
27,053,026028,27053026028,260.28,Census Tract 260.28,G5020,S,13456295.000000000000000,1980717.000000000000000,+44.8261107,-093.4653192,0.255889416512155,0.001756199749940
27,053,104002,27053104002,1040.02,Census Tract 1040.02,G5020,S,3842533.000000000000000,0.000000000000000,+44.9950420,-093.2223976,0.100359046474645,0.000438488398385
27,053,980100,27053980100,9801,Census Tract 9801,G5020,S,3545255.000000000000000,157504.000000000000000,+44.8950029,-093.1957141,0.096158815700245,0.000421807947013
27,053,003801,27053003801,38.01,Census Tract 38.01,G5020,S,543327.000000000000000,75618.000000000000000,+44.9845732,-093.2444106,0.046720850883129,0.000070617861548
27,123,040102,27123040102,401.02,Census Tract 401.02,G5020,S,5810969.000000000000000,3545673.000000000000000,+45.1150726,-093.0093805,0.161733784987179,0.001069859442730
27,123,040804,27123040804,408.04,Census Tract 408.04,G5020,S,3309780.000000000000000,1257721.000000000000000,+45.0454768,-093.1591990,0.110315083296126,0.000521668816905
27,123,040101,27123040101,401.01,Census Tract 401.01,G5020,S,7508445.000000000000000,910515.000000000000000,+45.1070109,-093.0401804,0.137799255543592,0.000962594788806
27,123,040708,27123040708,407.08,Census Tract 407.08,G5020,S,2940007.000000000000000,678592.000000000000000,+45.0735909,-093.1325218,0.090400901710480,0.000413485426449
27,123,040709,27123040709,407.09,Census Tract 407.09,G5020,S,3242565.000000000000000,107945.000000000000000,+45.0660386,-093.1162382,0.126055395165227,0.000382813370734
27,123,040605,27123040605,406.05,Census Tract 406.05,G5020,S,7119770.000000000000000,2476878.000000000000000,+45.0552858,-093.0812532,0.192387286268541,0.001096240854932
27,123,037604,27123037604,376.04,Census Tract 376.04,G5020,S,2574282.000000000000000,1065677.000000000000000,+44.8977038,-093.1639840,0.111482846539856,0.000414678181675
27,123,040606,27123040606,406.06,Census Tract 406.06,G5020,S,5055031.000000000000000,302655.000000000000000,+45.0446450,-093.0425460,0.131631842346270,0.000611897568290
27,123,034204,27123034204,342.04,Census Tract 342.04,G5020,S,350700.000000000000000,0.000000000000000,+44.9497388,-093.0977790,0.028760265131208,0.000039988808722
27,123,034203,27123034203,342.03,Census Tract 342.03,G5020,S,279204.000000000000000,0.000000000000000,+44.9515961,-093.0898563,0.024878540592685,0.000031837170315
27,123,043002,27123043002,430.02,Census Tract 430.02,G5020,S,1671319.000000000000000,309697.000000000000000,+44.9474887,-093.1984478,0.073565160300690,0.000225875946377
27,123,043001,27123043001,430.01,Census Tract 430.01,G5020,S,1640861.000000000000000,255593.000000000000000,+44.9251974,-093.1942765,0.060401769298312,0.000216155854824
27,123,040805,27123040805,408.05,Census Tract 408.05,G5020,S,4767068.000000000000000,487645.000000000000000,+45.0552887,-093.1726368,0.125472653455632,0.000600253899930
27,123,037603,27123037603,376.03,Census Tract 376.03,G5020,S,598788.000000000000000,0.000000000000000,+44.9032936,-093.1645071,0.048538974904710,0.000068222264542
27,053,025906,27053025906,259.06,Census Tract 259.06,G5020,S,7975611.000000000000000,519224.000000000000000,+44.8305215,-093.3699118,0.172056275000427,0.000966596138059
27,053,024100,27053024100,241,Census Tract 241,G5020,S,1757176.000000000000000,0.000000000000000,+44.8861845,-093.3075872,0.063447227283467,0.000200144109368
27,053,026706,27053026706,267.06,Census Tract 267.06,G5020,S,2446267.000000000000000,93358.000000000000000,+45.1471737,-093.4121515,0.069104280150968,0.000290558835849
27,053,002700,27053002700,27,Census Tract 27,G5020,S,653720.000000000000000,0.000000000000000,+44.9951695,-093.3133431,0.035129025403212,0.000074599251661
27,053,102500,27053102500,1025,Census Tract 1025,G5020,S,951009.000000000000000,0.000000000000000,+45.0029800,-093.2534155,0.043918459505506,0.000108538692654
27,053,026514,27053026514,265.14,Census Tract 265.14,G5020,S,9136482.000000000000000,13025.000000000000000,+45.0089012,-093.4599152,0.183643036407823,0.001044380991393
27,053,027400,27053027400,274,Census Tract 274,G5020,S,7513410.000000000000000,5615607.000000000000000,+44.9369579,-093.5254745,0.202794034157253,0.001496698087773
27,053,024903,27053024903,249.03,Census Tract 249.03,G5020,S,894068.000000000000000,12074.000000000000000,+44.8664181,-093.2523190,0.040438156189190,0.000103176762243
27,053,108600,27053108600,1086,Census Tract 1086,G5020,S,671025.000000000000000,0.000000000000000,+44.9433141,-093.2459630,0.036508154355330,0.000076505413328
27,053,100700,27053100700,1007,Census Tract 1007,G5020,S,967533.000000000000000,0.000000000000000,+45.0186662,-093.3133637,0.042168690196900,0.000110454325403
27,053,026809,27053026809,268.09,Census Tract 268.09,G5020,S,1926841.000000000000000,0.000000000000000,+45.0717869,-093.3605021,0.064711448485199,0.000220172271213
27,053,027504,27053027504,275.04,Census Tract 275.04,G5020,S,5333847.000000000000000,1321676.000000000000000,+44.9040411,-093.5447872,0.194653786341636,0.000758272220576
27,053,008100,27053008100,81,Census Tract 81,G5020,S,628139.000000000000000,0.000000000000000,+44.9448465,-093.2932275,0.034442990416429,0.000071617730787
27,053,025802,27053025802,258.02,Census Tract 258.02,G5020,S,2141427.000000000000000,0.000000000000000,+44.8094503,-093.3105637,0.081183682027196,0.000243590837162
27,053,020302,27053020302,203.02,Census Tract 203.02,G5020,S,1208095.000000000000000,24351.000000000000000,+45.0808139,-093.3444002,0.052119575678950,0.000140848061379
27,053,012102,27053012102,121.02,Census Tract 121.02,G5020,S,1415246.000000000000000,0.000000000000000,+44.8999909,-093.2151834,0.064553884833895,0.000161235975610
27,053,980000,27053980000,9800,Census Tract 9800,G5020,S,15544040.000000000000000,844935.000000000000000,+44.8720843,-093.2289933,0.263398658616617,0.001866488212302
27,053,026811,27053026811,268.11,Census Tract 268.11,G5020,S,3971777.000000000000000,51879.000000000000000,+45.0946960,-093.3316441,0.089885123460478,0.000459971266807
27,053,100800,27053100800,1008,Census Tract 1008,G5020,S,1084917.000000000000000,0.000000000000000,+45.0186292,-093.3025613,0.044578601947802,0.000123854966316
27,053,024004,27053024004,240.04,Census Tract 240.04,G5020,S,1304474.000000000000000,1115.000000000000000,+44.8702122,-093.3255723,0.050214996446845,0.000148664162233
27,053,025801,27053025801,258.01,Census Tract 258.01,G5020,S,2756511.000000000000000,2342.000000000000000,+44.8137141,-093.2958747,0.120046237448549,0.000313848715330
27,053,026015,27053026015,260.15,Census Tract 260.15,G5020,S,6755043.000000000000000,1012989.000000000000000,+44.8461440,-093.4716695,0.149598728631116,0.000884190733473
27,053,027300,27053027300,273,Census Tract 273,G5020,S,8020162.000000000000000,4140109.000000000000000,+44.9717144,-093.5059540,0.256114818418339,0.001386994789906
27,053,027503,27053027503,275.03,Census Tract 275.03,G5020,S,8390455.000000000000000,5308842.000000000000000,+44.9049008,-093.6178043,0.229340252683422,0.001560828613390
27,053,109200,27053109200,1092,Census Tract 1092,G5020,S,485943.000000000000000,0.000000000000000,+44.9383072,-093.2924425,0.034905764765324,0.000055399018227
27,053,007801,27053007801,78.01,Census Tract 78.01,G5020,S,271660.000000000000000,0.000000000000000,+44.9528750,-093.2749236,0.026848899761882,0.000030977981859
27,053,106000,27053106000,1060,Census Tract 1060,G5020,S,683668.000000000000000,0.000000000000000,+44.9625300,-093.2537369,0.039608628176740,0.000077972747594
27,053,022400,27053022400,224,Census Tract 224,G5020,S,1572636.000000000000000,0.000000000000000,+44.9533964,-093.3685488,0.064770747175749,0.000179331063351
27,053,101600,27053101600,1016,Census Tract 1016,G5020,S,1184516.000000000000000,52677.000000000000000,+45.0089812,-093.2841396,0.053609491937172,0.000141216336579
27,053,101800,27053101800,1018,Census Tract 1018,G5020,S,1181801.000000000000000,0.000000000000000,+45.0121694,-093.2546962,0.054290673561951,0.000134900087275
27,053,102000,27053102000,1020,Census Tract 1020,G5020,S,827691.000000000000000,0.000000000000000,+45.0037934,-093.3142214,0.043164491917868,0.000094464999625
27,123,030202,27123030202,302.02,Census Tract 302.02,G5020,S,2323597.000000000000000,16518.000000000000000,+44.9762979,-093.1523220,0.084634938129817,0.000266956994323
27,123,042503,27123042503,425.03,Census Tract 425.03,G5020,S,5026568.000000000000000,78611.000000000000000,+44.9085225,-092.9936988,0.098153848689791,0.000581676234181
27,123,030500,27123030500,305,Census Tract 305,G5020,S,2522568.000000000000000,11829.000000000000000,+44.9826596,-093.0972932,0.071374190919961,0.000289152160927
27,123,030602,27123030602,306.02,Census Tract 306.02,G5020,S,2031224.000000000000000,644163.000000000000000,+44.9878211,-093.0619337,0.095076064837219,0.000305256860900
27,123,030800,27123030800,308,Census Tract 308,G5020,S,1575437.000000000000000,53070.000000000000000,+44.9760452,-093.1154874,0.059631323209798,0.000185773990405
27,123,030900,27123030900,309,Census Tract 309,G5020,S,925367.000000000000000,0.000000000000000,+44.9743764,-093.0819328,0.044506940803983,0.000105560080859
27,123,031000,27123031000,310,Census Tract 310,G5020,S,1038314.000000000000000,0.000000000000000,+44.9761630,-093.0708334,0.045495890822785,0.000118447808136
27,123,031100,27123031100,311,Census Tract 311,G5020,S,1370667.000000000000000,972.000000000000000,+44.9779708,-093.0570567,0.059662207881086,0.000156478289839
27,123,031200,27123031200,312,Census Tract 312,G5020,S,1396962.000000000000000,0.000000000000000,+44.9703403,-093.1356392,0.057269063209943,0.000159346067095
27,123,031400,27123031400,314,Census Tract 314,G5020,S,1653183.000000000000000,13282.000000000000000,+44.9692738,-093.0989379,0.062409043734883,0.000190082950459
27,123,040302,27123040302,403.02,Census Tract 403.02,G5020,S,3255248.000000000000000,43618.000000000000000,+45.0595609,-093.0039546,0.112715929487120,0.000376867056965
27,123,040401,27123040401,404.01,Census Tract 404.01,G5020,S,2358515.000000000000000,2949.000000000000000,+45.0532453,-093.0119759,0.089086166783017,0.000269750533186
27,123,040502,27123040502,405.02,Census Tract 405.02,G5020,S,2010542.000000000000000,7287.000000000000000,+45.0918410,-093.0129158,0.080250623277673,0.000230631343394
27,123,040503,27123040503,405.03,Census Tract 405.03,G5020,S,6470613.000000000000000,476380.000000000000000,+45.0713817,-093.0385666,0.136946486641933,0.000793723975404
27,123,031701,27123031701,317.01,Census Tract 317.01,G5020,S,868150.000000000000000,0.000000000000000,+44.9658343,-093.0519867,0.053249641850194,0.000099018980306
27,123,031702,27123031702,317.02,Census Tract 317.02,G5020,S,1735601.000000000000000,2423.000000000000000,+44.9709006,-093.0376071,0.067555913257815,0.000198251519468
27,123,030201,27123030201,302.01,Census Tract 302.01,G5020,S,1561874.000000000000000,0.000000000000000,+44.9838363,-093.1592497,0.078264153362516,0.000178197929668
27,123,042504,27123042504,425.04,Census Tract 425.04,G5020,S,5093555.000000000000000,193541.000000000000000,+44.9368040,-092.9944068,0.100846752540811,0.000602705423601
27,123,034201,27123034201,342.01,Census Tract 342.01,G5020,S,973488.000000000000000,99149.000000000000000,+44.9467170,-093.0910381,0.065359033193339,0.000122302726993
27,123,042800,27123042800,428,Census Tract 428,G5020,S,1620478.000000000000000,0.000000000000000,+44.9569643,-093.0994190,0.063260692644881,0.000184799001987
27,123,040901,27123040901,409.01,Census Tract 409.01,G5020,S,2940776.000000000000000,63531.000000000000000,+45.1159792,-093.2014336,0.081105841751936,0.000343552489129
27,123,040902,27123040902,409.02,Census Tract 409.02,G5020,S,3243438.000000000000000,58846.000000000000000,+45.0997530,-093.1967363,0.085848176473964,0.000377511978606
27,123,041001,27123041001,410.01,Census Tract 410.01,G5020,S,2637530.000000000000000,79056.000000000000000,+45.1158606,-093.2190857,0.069846719852385,0.000310648574802
27,123,041002,27123041002,410.02,Census Tract 410.02,G5020,S,2297937.000000000000000,53991.000000000000000,+45.0977757,-093.2179434,0.066727336813562,0.000268877289921
27,123,042900,27123042900,429,Census Tract 429,G5020,S,1211122.000000000000000,0.000000000000000,+44.9427314,-093.1376753,0.051148397632659,0.000138081655925
27,123,041104,27123041104,411.04,Census Tract 411.04,G5020,S,1844345.000000000000000,45874.000000000000000,+45.0761912,-093.2213008,0.069764615960845,0.000216006286605
27,123,031500,27123031500,315,Census Tract 315,G5020,S,995161.000000000000000,0.000000000000000,+44.9669115,-093.0756282,0.050423627272674,0.000113507098300
27,123,031600,27123031600,316,Census Tract 316,G5020,S,1131420.000000000000000,0.000000000000000,+44.9704165,-093.0573957,0.053298839526559,0.000129056556951
27,123,031801,27123031801,318.01,Census Tract 318.01,G5020,S,1424719.000000000000000,0.000000000000000,+44.9694392,-093.0263522,0.063851501343051,0.000162509307295
27,123,031802,27123031802,318.02,Census Tract 318.02,G5020,S,1892481.000000000000000,165247.000000000000000,+44.9707805,-093.0133617,0.063115627185469,0.000234719188625
27,123,031900,27123031900,319,Census Tract 319,G5020,S,3666498.000000000000000,96418.000000000000000,+44.9679779,-093.1900647,0.124450987963036,0.000429208870093
27,123,032000,27123032000,320,Census Tract 320,G5020,S,990631.000000000000000,0.000000000000000,+44.9627325,-093.1754780,0.051695303496048,0.000112982377827
27,123,032200,27123032200,322,Census Tract 322,G5020,S,721773.000000000000000,0.000000000000000,+44.9618619,-093.1599949,0.040500418492393,0.000082317607687
27,123,032300,27123032300,323,Census Tract 323,G5020,S,1107754.000000000000000,0.000000000000000,+44.9619034,-093.1518195,0.045274620815245,0.000126338436798
27,123,032500,27123032500,325,Census Tract 325,G5020,S,806486.000000000000000,0.000000000000000,+44.9579934,-093.1365039,0.049600378119708,0.000091973071348
27,123,032600,27123032600,326,Census Tract 326,G5020,S,875625.000000000000000,0.000000000000000,+44.9606179,-093.1213027,0.039940618933829,0.000099861690162
27,123,032700,27123032700,327,Census Tract 327,G5020,S,740026.000000000000000,0.000000000000000,+44.9599665,-093.1113116,0.037181429148850,0.000084396651004
27,123,040504,27123040504,405.04,Census Tract 405.04,G5020,S,3252868.000000000000000,531595.000000000000000,+45.0876038,-093.0401654,0.113659210182971,0.000432539369599
27,123,040601,27123040601,406.01,Census Tract 406.01,G5020,S,19671944.000000000000000,4659980.000000000000000,+45.1048397,-093.1010646,0.231747958579917,0.002781682650889
27,123,040603,27123040603,406.03,Census Tract 406.03,G5020,S,5923470.000000000000000,447131.000000000000000,+45.0717060,-093.0816915,0.129415113116149,0.000727942415095
27,123,040704,27123040704,407.04,Census Tract 407.04,G5020,S,6836036.000000000000000,1731432.000000000000000,+45.0486962,-093.1244676,0.138524072579674,0.000978562809867
27,123,040705,27123040705,407.05,Census Tract 407.05,G5020,S,5433874.000000000000000,178821.000000000000000,+45.1140940,-093.1703087,0.116170669484852,0.000641828557766
27,123,041105,27123041105,411.05,Census Tract 411.05,G5020,S,6308550.000000000000000,1287710.000000000000000,+45.0737661,-093.2050847,0.138512710487999,0.000868095389672
27,123,041106,27123041106,411.06,Census Tract 411.06,G5020,S,2411701.000000000000000,41325.000000000000000,+45.0591323,-093.2170206,0.079449728940005,0.000280226170590
27,123,041107,27123041107,411.07,Census Tract 411.07,G5020,S,3534950.000000000000000,115369.000000000000000,+45.0442044,-093.2008548,0.101361445954088,0.000416905737847
27,123,041200,27123041200,412,Census Tract 412,G5020,S,2665597.000000000000000,43517.000000000000000,+45.0580812,-093.1966702,0.081202940345685,0.000309486670385
27,123,041301,27123041301,413.01,Census Tract 413.01,G5020,S,3810129.000000000000000,61240.000000000000000,+45.0042436,-093.1809409,0.102297037459354,0.000441851706422
27,123,033000,27123033000,330,Census Tract 330,G5020,S,1604814.000000000000000,0.000000000000000,+44.9601256,-093.0842525,0.071717773060584,0.000183022127817
27,123,033200,27123033200,332,Census Tract 332,G5020,S,1908036.000000000000000,1324.000000000000000,+44.9594065,-093.1958497,0.087511818698862,0.000217750083483
27,123,033300,27123033300,333,Census Tract 333,G5020,S,1031347.000000000000000,0.000000000000000,+44.9503920,-093.1841263,0.053271103442743,0.000117601335783
27,123,033400,27123033400,334,Census Tract 334,G5020,S,2000367.000000000000000,0.000000000000000,+44.9514608,-093.1609891,0.077767538436596,0.000228099804982
27,123,033500,27123033500,335,Census Tract 335,G5020,S,979543.000000000000000,0.000000000000000,+44.9529619,-093.1366771,0.053163428276856,0.000111699047697
27,123,033600,27123033600,336,Census Tract 336,G5020,S,479880.000000000000000,0.000000000000000,+44.9529435,-093.1206839,0.034813343980209,0.000054721807227
27,123,033700,27123033700,337,Census Tract 337,G5020,S,498133.000000000000000,0.000000000000000,+44.9529693,-093.1108993,0.031935990867008,0.000056802880706
27,123,033900,27123033900,339,Census Tract 339,G5020,S,435639.000000000000000,0.000000000000000,+44.9487020,-093.1268681,0.033397333845573,0.000049672867221
27,123,034000,27123034000,340,Census Tract 340,G5020,S,414816.000000000000000,0.000000000000000,+44.9482651,-093.1142307,0.039869556162558,0.000047298466421
27,053,026021,27053026021,260.21,Census Tract 260.21,G5020,S,5423100.000000000000000,1172181.000000000000000,+44.8496493,-093.5058947,0.125030794714881,0.000750740133794
27,053,026019,27053026019,260.19,Census Tract 260.19,G5020,S,3700192.000000000000000,83115.000000000000000,+44.8542398,-093.4411070,0.093676567629739,0.000430698842499
27,053,026104,27053026104,261.04,Census Tract 261.04,G5020,S,5236162.000000000000000,183359.000000000000000,+44.9028714,-093.4212097,0.118046653801227,0.000617429274791
27,053,024006,27053024006,240.06,Census Tract 240.06,G5020,S,1789565.000000000000000,239252.000000000000000,+44.8848615,-093.3359426,0.066625555396062,0.000231068192100
27,053,026020,27053026020,260.20,Census Tract 260.20,G5020,S,4950802.000000000000000,723862.000000000000000,+44.8492036,-093.4144603,0.119980198537326,0.000645946386749
27,053,026823,27053026823,268.23,Census Tract 268.23,G5020,S,3680776.000000000000000,0.000000000000000,+45.1185518,-093.3428517,0.105347733777111,0.000420925737056
27,053,026822,27053026822,268.22,Census Tract 268.22,G5020,S,4792314.000000000000000,149054.000000000000000,+45.1157688,-093.3148554,0.140040604052264,0.000565050288529
27,053,026103,27053026103,261.03,Census Tract 261.03,G5020,S,4522015.000000000000000,402837.000000000000000,+44.9172779,-093.4383808,0.111120582831880,0.000561231655383
27,053,125800,27053125800,1258,Census Tract 1258,G5020,S,959819.000000000000000,0.000000000000000,+44.9537451,-093.2575163,0.041931928473766,0.000109451392580
27,053,125700,27053125700,1257,Census Tract 1257,G5020,S,878046.000000000000000,0.000000000000000,+45.0095917,-093.3012670,0.042376206006808,0.000100222788712
27,053,125600,27053125600,1256,Census Tract 1256,G5020,S,2341122.000000000000000,163855.000000000000000,+44.9682849,-093.2164738,0.115917753440556,0.000285724775700
27,123,042602,27123042602,426.02,Census Tract 426.02,G5020,S,1693916.000000000000000,297658.000000000000000,+45.0188665,-092.9909705,0.077843723048492,0.000227362065437
27,123,042700,27123042700,427,Census Tract 427,G5020,S,3146733.000000000000000,20320.000000000000000,+45.0051257,-092.9997619,0.099258052873945,0.000361468564141
27,123,042401,27123042401,424.01,Census Tract 424.01,G5020,S,6057665.000000000000000,168373.000000000000000,+45.0271315,-093.0216854,0.156032193636521,0.000710863616311
27,123,042402,27123042402,424.02,Census Tract 424.02,G5020,S,6429941.000000000000000,183698.000000000000000,+44.9953842,-093.0101155,0.168572740535414,0.000754741399907
27,123,042501,27123042501,425.01,Census Tract 425.01,G5020,S,5852567.000000000000000,411526.000000000000000,+44.9660195,-092.9930636,0.111575990057663,0.000714474921257
27,123,042601,27123042601,426.01,Census Tract 426.01,G5020,S,2556191.000000000000000,88589.000000000000000,+45.0195924,-093.0037072,0.075130559408501,0.000301936862708
